SNP,CHR,POS,REF,ALT,ind001,ind002,ind003,ind004,ind005,ind006,ind007,ind008,ind009,ind010,ind011,ind012,ind013,ind014,ind015,ind016,ind017,ind018,ind019,ind020,ind021,ind022,ind023,ind024,ind025,ind026,ind027,ind028,ind029,ind030,ind031,ind032,ind033,ind034,ind035,ind036,ind037,ind038,ind039,ind040,ind041,ind042,ind043,ind044,ind045,ind046,ind047,ind048,ind049,ind050,ind051,ind052,ind053,ind054,ind055,ind056,ind057,ind058,ind059,ind060,ind061,ind062,ind063,ind064,ind065,ind066,ind067,ind068,ind069,ind070,ind071,ind072,ind073,ind074,ind075,ind076,ind077,ind078,ind079,ind080,ind081,ind082,ind083,ind084,ind085,ind086,ind087,ind088,ind089,ind090,ind091,ind092,ind093,ind094,ind095,ind096,ind097,ind098,ind099,ind100,ind101,ind102,ind103,ind104,ind105,ind106,ind107,ind108,ind109,ind110,ind111,ind112,ind113,ind114,ind115,ind116,ind117,ind118,ind119,ind120
rs1001,1,1000,G,C,2,0,1,0,2,2,2,2,0,0,1,0,0,2,0,1,1,1,0,1,1,1,0,0,0,0,1,0,2,1,1,0,0,1,1,1,1,0,0,0,0,0,1,0,1,1,1,0,0,1,0,0,1,1,1,0,0,1,0,1,1,1,1,1,1,0,1,1,1,0,0,0,0,0,1,0,0,0,0,1,2,0,0,0,0,0,0,0,1,0,0,1,0,0,0,1,0,0,1,1,1,0,2,2,1,2,0,1,1,1,2,1,0,0,0,0,0,0,1,1
rs1002,1,2192,C,G,0,1,0,0,0,0,0,0,1,0,1,0,1,0,1,1,0,0,1,0,0,0,1,1,0,0,0,1,0,1,0,0,1,0,1,0,1,1,0,0,0,0,1,1,0,0,1,0,0,0,1,1,0,0,1,0,0,0,1,0,1,0,1,1,0,0,0,1,0,1,0,0,0,2,0,2,0,1,1,0,0,1,0,1,1,0,2,0,0,0,2,0,0,1,0,0,0,0,1,0,0,1,0,0,0,0,1,0,1,0,0,1,0,0,1,1,1,1,0,0
rs1003,1,3253,T,A,2,2,1,2,2,2,2,2,1,1,2,0,2,2,1,2,1,1,2,1,1,1,2,2,0,1,1,1,2,2,1,1,2,1,2,2,2,1,0,2,0,0,2,1,1,1,2,1,2,1,1,2,1,1,2,0,2,1,1,1,2,2,1,2,1,0,1,2,2,1,1,0,1,2,1,2,1,1,1,1,2,1,1,1,1,0,2,0,1,1,2,1,1,1,2,1,1,1,2,1,1,1,2,2,2,2,1,1,2,1,2,2,1,0,2,2,1,1,1,2
rs1004,1,4132,A,G,2,1,1,0,2,2,2,2,1,0,2,0,1,2,1,2,1,1,1,1,1,1,1,1,0,0,1,1,2,2,1,0,1,1,2,1,2,1,0,0,0,0,2,1,1,1,2,0,0,1,1,1,1,2,2,0,0,1,1,1,2,2,1,2,1,0,1,2,1,1,0,0,0,2,1,2,0,1,1,1,2,1,0,1,1,0,2,0,1,0,2,1,0,1,0,1,0,0,2,1,1,1,2,2,1,2,1,1,2,1,2,2,0,0,1,1,1,1,1,1
rs1005,1,5188,G,A,2,0,1,0,2,2,2,2,0,0,1,0,0,2,0,1,1,1,0,1,1,1,0,0,0,0,1,0,2,1,1,0,0,1,1,1,1,0,0,0,0,0,1,0,1,1,1,0,0,1,0,0,1,1,1,0,0,1,0,1,1,1,0,1,1,0,1,1,1,0,0,0,0,0,1,0,0,0,0,1,2,0,0,0,0,0,0,0,1,0,0,1,0,0,0,1,0,0,1,1,0,0,2,2,1,2,0,1,1,1,2,1,0,0,0,0,0,0,1,1
rs1006,1,6314,C,T,2,1,2,0,2,2,2,2,2,1,2,2,1,2,2,2,2,2,1,2,2,2,1,1,2,1,2,2,2,2,2,1,1,2,2,1,2,2,2,0,2,2,2,2,2,2,2,1,0,2,2,1,2,1,2,2,1,2,2,2,2,2,2,2,2,2,2,2,1,2,1,2,1,2,2,2,1,2,2,2,2,2,1,2,2,2,2,2,2,1,2,2,1,2,0,2,1,1,2,2,2,2,2,2,1,2,2,2,2,2,2,2,1,2,1,1,2,2,2,1
rs1007,1,7242,T,C,2,1,1,0,2,2,2,2,1,0,2,0,1,2,1,2,1,1,1,1,1,1,1,1,0,0,1,1,2,2,1,0,1,1,2,1,2,1,0,0,0,0,2,1,1,1,2,0,0,1,1,1,1,1,2,0,0,1,1,1,2,2,1,2,1,0,1,2,1,1,0,0,0,2,1,2,0,1,1,1,2,1,0,1,1,0,2,0,1,0,2,1,0,1,0,1,0,0,2,1,1,1,2,2,1,2,1,1,2,1,2,2,0,0,1,1,1,1,1,1
rs1008,1,8136,A,C,0,2,0,0,0,0,0,0,1,0,1,0,1,0,1,1,0,0,1,0,0,0,1,1,0,0,0,1,0,1,0,0,1,0,1,0,1,1,0,0,0,0,1,1,0,0,1,0,0,0,1,1,0,0,1,0,0,0,1,0,1,1,1,1,0,0,0,1,0,1,0,0,0,2,0,2,0,1,1,0,0,1,0,1,1,0,2,0,0,0,2,0,0,1,0,0,0,0,1,0,0,1,0,0,0,0,1,0,1,0,0,1,0,0,1,1,1,1,0,0
rs1009,1,9100,G,T,0,1,1,0,0,0,0,0,2,1,1,2,1,0,2,1,1,1,1,2,1,1,1,1,2,1,1,2,0,1,1,1,1,1,1,0,1,2,2,0,2,2,1,2,1,1,1,1,0,1,2,1,1,1,1,2,1,1,2,1,1,1,2,1,1,2,1,1,0,2,1,2,1,2,1,2,1,2,2,1,0,2,1,2,2,2,2,2,1,1,2,1,1,2,0,1,1,1,1,1,1,2,0,0,0,0,2,1,1,1,0,1,1,2,1,1,2,2,1,0
rs1010,1,10291,A,T,2,0,2,0,2,2,2,2,1,1,1,2,0,2,1,1,2,2,0,2,2,2,0,0,2,1,2,1,2,1,2,1,0,2,1,1,1,1,2,0,2,2,1,1,2,2,1,1,0,2,1,0,2,2,1,2,1,2,1,2,1,1,1,1,2,2,2,1,1,1,1,2,1,0,2,0,1,1,1,2,2,1,0,1,1,2,0,2,2,1,0,2,1,1,0,2,1,1,1,2,2,1,2,2,1,2,1,2,1,2,2,1,1,2,0,0,1,1,2,1
rs1011,1,11249,G,C,2,1,1,0,2,2,2,2,1,0,2,0,1,2,1,2,1,1,1,1,1,1,1,1,0,0,1,1,2,2,1,0,1,1,2,1,2,1,0,0,0,0,2,1,1,1,2,0,0,1,1,1,1,1,2,1,0,1,1,1,2,2,1,2,1,0,1,2,1,1,0,0,0,2,1,2,0,1,1,1,2,1,0,1,1,0,2,0,1,0,2,1,0,1,0,1,0,0,2,1,1,1,2,2,1,2,1,1,2,1,2,2,0,0,1,1,1,1,1,1
rs1012,1,12286,C,G,2,1,1,0,2,2,2,2,1,0,2,0,1,2,1,2,1,1,1,1,1,1,1,1,0,0,1,1,2,2,1,0,1,1,2,1,2,1,0,0,0,0,2,1,1,1,2,0,0,1,1,1,1,1,2,0,0,1,1,1,2,2,1,2,1,0,1,2,1,1,0,0,0,2,1,2,0,1,1,1,2,1,0,1,1,0,2,0,1,0,2,1,0,2,0,1,0,0,2,1,1,1,2,2,1,2,1,1,2,1,2,2,0,0,1,1,1,1,1,1
rs1013,1,13209,T,A,2,0,1,0,2,2,2,2,0,0,1,0,0,2,0,1,1,1,0,1,1,1,0,0,0,0,1,0,2,1,1,0,0,1,1,1,1,0,0,0,0,0,1,0,1,1,1,0,0,1,0,0,1,1,1,0,0,1,0,1,1,1,0,1,1,0,1,0,1,0,0,0,0,0,1,0,0,0,0,1,2,0,0,0,0,0,0,0,1,0,0,1,0,0,0,1,0,0,1,1,1,0,2,2,1,2,0,1,1,1,2,1,0,0,0,0,0,0,1,1
rs1014,1,14077,A,G,0,1,0,0,0,0,0,0,1,0,1,0,1,0,1,1,0,0,1,0,0,0,1,1,0,0,0,1,0,1,0,0,1,0,1,0,1,1,0,0,0,0,1,1,0,0,1,0,0,0,1,1,0,0,1,0,0,0,1,0,1,1,1,1,0,0,0,1,0,1,0,0,0,2,0,2,0,1,1,0,0,1,0,1,1,0,2,0,0,0,2,0,0,1,0,0,0,0,0,0,0,1,0,0,0,0,1,0,1,0,0,1,0,0,1,1,1,1,0,0
rs1015,1,15075,G,A,0,1,1,0,0,0,0,0,2,1,1,2,1,0,2,1,1,1,1,1,1,1,1,1,2,1,1,2,0,1,1,1,1,1,1,0,1,2,2,0,2,2,1,2,1,1,1,1,0,1,2,1,1,1,1,2,1,1,2,1,1,1,2,1,1,2,1,1,0,2,1,2,1,2,1,2,1,2,2,1,0,2,1,2,2,2,2,2,1,1,2,1,1,2,0,1,1,1,1,1,1,2,0,0,0,0,2,1,1,1,0,1,1,2,1,1,2,1,1,0
rs1016,1,15961,C,T,2,1,1,0,2,2,2,2,1,0,2,0,1,2,1,2,1,1,1,1,1,1,1,1,0,0,1,1,2,2,1,0,1,1,2,1,2,1,0,0,0,0,2,1,1,1,2,0,0,1,1,1,1,1,2,0,0,1,1,1,2,2,1,2,1,0,1,2,1,1,0,0,0,2,1,2,0,1,1,1,2,1,0,1,1,0,2,0,1,0,2,1,0,1,0,1,0,0,2,1,1,1,2,2,1,2,1,1,2,1,2,2,0,0,1,1,1,1,1,0
rs1017,1,16833,T,C,2,1,2,0,2,2,2,2,2,1,2,2,1,2,2,2,2,2,1,2,2,2,1,1,2,1,2,2,2,2,2,1,1,2,2,1,2,2,2,0,2,2,2,2,2,2,2,1,0,2,2,1,2,2,2,2,1,2,2,2,2,2,2,2,2,2,2,2,1,2,1,2,1,2,2,2,1,2,2,2,2,2,1,2,2,2,2,2,2,1,2,2,1,2,0,2,1,1,2,2,2,2,2,2,1,2,2,2,2,2,2,2,1,2,1,1,2,2,2,1
rs1018,1,17944,A,C,2,0,1,0,2,2,2,2,0,0,1,0,0,2,0,1,1,1,0,1,1,1,0,0,0,0,1,0,2,1,1,0,0,1,1,1,1,0,0,0,0,0,1,0,1,1,1,0,0,1,0,0,1,1,1,0,0,1,0,1,1,1,0,1,1,0,1,1,1,0,0,0,0,0,1,0,0,0,0,1,2,0,0,0,0,0,0,0,1,0,0,1,0,0,0,1,0,0,1,1,1,0,2,2,1,2,0,1,1,1,2,1,0,0,0,0,0,0,1,1
rs1019,1,19101,G,T,0,2,0,2,0,0,0,0,1,1,1,0,2,0,1,2,0,0,2,0,0,0,2,2,0,1,0,1,0,1,0,1,2,0,1,1,1,1,0,2,0,0,1,1,0,0,1,1,2,0,1,2,0,0,1,0,1,0,1,0,1,1,1,1,0,0,0,1,1,1,1,0,1,2,0,2,1,1,1,0,0,1,1,1,1,0,2,0,0,1,2,0,1,1,2,0,1,1,1,0,0,1,0,0,1,0,1,0,1,0,0,1,1,0,2,2,1,1,0,1
rs1020,1,20231,A,T,0,2,0,2,0,0,0,0,1,1,1,0,2,0,1,1,0,0,2,0,0,0,2,2,0,1,0,1,0,1,0,1,2,0,1,1,1,1,0,2,0,0,1,1,0,0,1,1,2,0,1,2,0,0,1,0,1,0,1,0,1,1,1,1,0,0,0,1,1,1,1,0,1,2,0,2,1,1,1,0,0,1,1,1,1,0,2,0,0,1,2,0,1,1,2,0,1,1,1,1,0,1,0,0,1,0,1,0,1,0,0,1,1,0,2,2,1,1,0,1
rs1021,1,21229,G,C,2,1,2,0,2,2,2,2,2,1,2,2,1,2,2,2,2,2,1,2,2,2,1,1,2,1,2,2,2,2,2,1,1,2,2,1,2,2,2,0,2,2,2,2,2,2,2,1,0,2,2,1,2,2,2,2,1,2,2,2,2,2,2,2,2,2,2,2,1,2,1,2,1,2,1,2,1,2,2,2,2,2,1,2,2,2,2,2,2,1,2,2,1,2,0,2,1,1,2,2,2,2,2,2,1,2,2,2,2,2,2,2,1,2,1,1,2,2,2,1
rs1022,1,22156,C,G,0,2,0,2,0,0,0,0,1,1,1,0,2,0,1,1,0,0,2,0,0,0,2,2,0,1,0,1,0,1,0,1,2,0,1,1,1,0,0,2,0,0,1,1,0,0,1,1,2,0,1,2,0,0,1,0,1,0,1,0,1,1,1,1,0,0,0,1,1,1,1,0,1,2,0,2,1,1,1,0,0,1,1,1,1,0,2,0,0,1,2,0,1,1,2,0,1,1,1,0,0,1,0,0,1,0,1,0,1,0,0,1,1,0,2,2,1,1,0,1
rs1023,1,23168,T,A,2,1,1,0,2,2,2,2,1,0,2,0,1,2,1,2,1,1,1,1,1,1,1,1,0,0,1,1,2,2,1,0,1,1,2,1,2,0,0,0,0,0,2,1,1,1,2,0,0,1,1,1,1,1,2,0,0,1,1,1,2,2,1,2,1,0,1,2,1,1,0,0,0,2,1,2,0,1,1,1,2,1,0,1,1,0,2,0,1,0,2,1,0,1,0,1,0,0,2,1,1,1,2,2,1,2,1,1,2,1,2,2,0,0,1,1,1,1,1,1
rs1024,1,24164,A,G,2,0,1,0,2,2,2,2,0,0,1,0,0,2,0,1,1,1,0,1,1,1,0,0,0,0,1,0,2,1,1,0,0,1,1,1,1,0,0,0,0,0,1,0,1,1,1,0,0,0,0,0,1,1,1,0,0,1,0,1,1,1,0,1,1,0,1,1,1,0,0,0,0,0,1,0,0,0,0,1,2,0,0,0,0,0,0,0,1,0,0,1,0,0,0,1,0,0,1,1,1,0,2,2,1,2,0,1,1,1,2,1,0,0,0,0,0,0,1,1
rs1025,1,25027,G,A,0,1,0,0,0,0,0,0,1,0,1,0,1,0,1,1,0,0,1,0,0,0,1,1,0,0,0,1,0,1,0,0,1,0,1,0,1,1,0,0,0,0,1,1,0,0,1,0,0,0,1,1,0,0,1,0,0,0,1,0,1,1,1,1,0,0,0,1,0,1,0,0,0,2,0,2,0,1,1,0,0,1,0,1,1,0,2,0,0,0,2,0,0,1,0,0,0,0,1,0,0,0,0,0,0,0,1,0,1,0,0,1,0,0,1,1,1,1,0,0
rs1026,1,75860,C,T,0,1,0,1,1,0,0,2,0,0,1,0,1,0,1,0,1,0,1,1,0,0,0,0,0,2,0,1,0,0,0,0,0,0,0,0,1,0,1,0,0,1,1,2,0,0,0,0,1,1,0,0,0,0,1,1,0,0,0,0,0,0,1,0,0,1,1,0,2,0,0,0,1,1,0,0,1,1,0,0,0,0,0,0,0,0,0,2,0,1,2,0,0,1,1,0,0,1,0,0,0,1,1,0,1,0,0,1,2,0,0,2,0,0,0,0,1,0,0,0
rs1027,1,77008,T,C,1,0,0,0,0,0,0,1,0,2,1,1,1,0,0,0,1,1,0,0,2,2,1,1,1,0,2,1,1,1,1,1,0,1,1,0,0,0,0,1,0,1,2,1,1,0,1,2,0,1,1,0,1,0,2,1,2,1,2,1,1,2,0,0,0,1,1,0,1,1,1,0,1,0,1,0,0,0,1,1,0,1,0,1,1,1,0,0,1,0,0,1,2,1,1,2,0,1,1,2,0,1,0,1,0,1,2,2,1,0,2,1,2,1,0,0,1,1,2,2
rs1028,1,77873,A,C,1,2,0,0,2,2,0,0,1,0,0,2,1,0,0,0,1,1,2,1,0,1,1,1,1,1,1,0,0,1,0,2,1,0,2,2,1,0,1,1,1,2,1,1,0,0,1,0,2,1,0,1,1,0,1,0,0,1,1,0,1,2,2,0,0,0,1,0,1,1,1,2,1,0,0,1,0,0,1,1,0,1,0,0,0,0,0,2,1,1,0,1,1,0,1,1,0,0,0,1,1,0,1,1,0,0,1,2,0,2,1,1,1,1,2,0,2,0,0,2
rs1029,1,79041,G,T,1,0,0,1,0,1,1,0,1,0,0,0,0,1,0,0,1,0,0,1,1,0,0,1,1,2,0,0,0,1,0,1,0,2,1,1,2,0,0,1,1,0,1,1,1,0,0,1,0,0,2,1,0,0,0,1,1,1,0,1,2,1,1,0,0,2,0,0,0,1,1,0,0,0,1,0,0,1,0,1,0,0,0,2,1,1,1,0,1,0,0,0,1,1,1,1,0,1,1,1,1,0,0,1,1,2,0,0,0,1,1,1,1,0,0,0,0,2,0,0
rs1030,1,80183,A,T,2,1,1,0,2,0,0,1,0,0,1,1,0,2,0,1,0,1,1,0,1,1,1,0,1,0,0,1,1,0,0,1,1,1,2,1,0,1,0,0,0,1,1,0,1,0,0,1,1,0,0,1,0,0,1,1,0,0,1,0,0,0,0,0,0,0,1,0,1,0,0,1,1,1,0,0,1,0,1,1,0,0,0,1,0,1,0,1,1,2,0,0,1,0,1,1,0,0,0,0,2,0,0,0,0,0,1,0,1,1,1,1,0,0,0,0,1,0,0,1
rs1031,1,81064,G,C,2,1,1,1,0,0,0,1,2,1,1,1,1,0,1,2,1,0,0,0,1,0,1,1,0,0,0,1,1,0,0,1,0,2,2,1,2,0,2,2,0,2,0,0,1,2,1,0,1,1,0,1,0,1,0,0,1,2,1,1,0,0,0,1,1,0,1,0,1,1,2,1,1,2,2,1,2,1,0,1,0,0,0,0,1,0,2,0,0,0,1,0,0,0,0,1,0,1,0,2,0,0,2,1,2,2,1,0,1,0,1,0,0,1,0,0,1,2,0,0
rs1032,1,81926,C,G,2,1,2,1,2,2,2,2,1,2,1,1,1,2,2,1,2,2,2,2,1,2,2,1,2,2,2,2,1,2,2,2,2,1,2,2,2,2,0,2,2,1,2,2,1,1,1,2,1,1,2,2,2,1,2,2,1,0,1,1,2,2,2,1,1,2,1,2,2,1,0,2,1,1,1,1,2,1,2,2,2,2,2,2,2,2,0,2,2,2,2,2,2,2,2,1,2,1,2,1,2,2,1,1,2,1,1,2,2,2,1,2,2,2,2,2,1,0,2,2
rs1033,1,82816,T,A,0,1,1,1,2,2,2,1,0,1,1,1,1,2,1,0,1,2,2,2,1,2,1,1,2,2,2,1,1,2,2,1,2,0,0,1,0,2,0,0,2,0,2,2,1,0,1,2,1,1,2,1,1,1,2,2,1,0,1,1,2,2,2,1,1,2,1,2,1,1,0,1,1,0,0,1,0,1,2,1,2,2,2,2,1,2,0,2,2,2,1,2,2,2,2,1,2,1,2,0,2,2,0,1,0,0,1,2,1,2,1,2,2,1,2,2,1,0,2,2
rs1034,1,83635,A,G,0,2,1,2,2,2,2,1,1,1,2,2,2,2,1,1,1,2,2,2,2,2,1,2,2,2,2,1,2,2,2,1,2,1,0,1,0,2,2,0,2,1,2,2,2,1,2,2,2,2,2,1,1,2,2,2,2,2,1,2,2,2,2,2,2,2,2,2,1,2,2,1,2,1,1,2,0,2,2,1,2,2,2,2,1,2,2,2,2,2,1,2,2,2,2,2,2,2,2,1,2,2,1,2,0,1,2,2,1,2,2,2,2,1,2,2,2,2,2,2
rs1035,1,84534,G,A,0,2,1,2,2,2,2,1,1,1,2,2,2,2,1,1,1,2,2,2,2,2,1,2,2,2,2,1,2,2,2,1,2,1,0,1,0,2,2,0,2,1,2,2,2,1,2,2,2,2,2,1,1,2,2,2,2,2,2,2,2,2,2,2,2,2,2,2,1,2,2,1,2,1,1,2,0,2,2,1,2,2,2,2,1,2,2,2,2,2,1,2,2,2,2,2,2,2,2,1,2,2,1,2,0,1,2,2,1,2,2,2,2,1,2,2,2,2,2,2
rs1036,1,85643,C,T,0,2,1,2,2,2,2,1,1,1,2,2,2,2,1,1,1,2,2,2,2,2,1,2,2,2,2,1,2,2,2,1,2,1,0,1,0,2,2,0,2,1,2,2,2,1,2,2,2,2,2,1,1,2,2,2,2,2,2,2,2,2,2,2,2,2,2,2,1,2,2,1,2,1,1,2,0,2,2,1,2,2,2,2,1,2,2,2,2,2,1,2,2,2,2,2,2,2,2,1,2,2,1,2,0,1,2,2,1,2,2,2,2,1,2,2,2,2,2,2
rs1037,1,86839,T,C,0,1,0,2,1,2,1,0,1,1,1,1,2,1,1,1,0,0,0,0,2,1,0,2,1,1,1,0,1,0,0,1,1,1,0,0,0,1,2,0,0,1,0,1,2,1,2,2,1,2,0,0,1,1,0,0,1,2,1,1,1,1,0,1,1,2,2,1,1,1,2,0,2,1,1,2,0,2,2,1,1,0,2,0,0,1,2,1,0,0,0,0,2,0,2,1,1,2,2,1,1,2,1,2,0,1,1,1,0,1,2,0,0,1,2,1,1,2,0,1
rs1038,1,87640,A,C,2,1,2,1,2,2,2,2,1,2,1,1,1,2,2,1,2,2,2,2,1,2,2,1,2,2,2,2,1,2,2,2,2,1,2,2,2,2,0,2,2,1,2,2,1,1,1,2,1,1,2,2,2,1,2,2,1,0,1,1,2,2,2,1,1,2,1,2,2,1,0,2,1,1,1,1,2,1,2,2,2,2,2,2,2,2,1,2,2,2,2,2,2,2,2,1,2,1,2,1,2,2,1,1,2,1,1,2,2,2,1,2,2,2,2,2,1,0,2,2
rs1039,1,88673,G,T,2,1,1,2,1,2,1,1,2,2,1,1,2,1,2,2,1,0,0,0,2,1,1,2,1,1,1,1,1,0,0,2,1,2,2,1,2,1,2,2,0,2,0,1,2,2,2,2,1,2,0,1,2,1,0,0,1,2,1,1,1,1,0,1,1,2,2,1,2,1,2,1,2,2,2,2,2,2,2,2,1,0,2,0,1,1,2,1,0,0,1,0,2,0,2,2,1,2,2,2,1,2,2,2,2,2,1,1,1,1,2,0,0,2,2,1,1,2,0,1
rs1040,1,89846,A,T,2,2,2,1,1,0,1,2,2,1,2,2,1,1,1,2,2,2,2,2,1,1,2,1,1,1,1,2,2,2,2,1,1,2,2,2,2,1,2,2,2,2,2,1,1,2,1,0,2,1,2,2,1,2,2,2,2,2,2,2,1,1,2,2,2,0,1,1,1,2,2,2,1,2,2,1,2,1,0,1,1,2,0,2,2,1,2,1,2,2,2,2,0,2,0,2,1,1,0,2,1,0,2,1,1,2,2,1,2,1,1,2,2,1,0,1,2,2,2,1
rs1041,1,90711,G,C,0,0,0,1,1,2,1,0,0,1,0,0,1,1,1,0,0,0,0,0,1,1,0,1,1,1,1,0,0,0,0,1,1,0,0,0,0,1,0,0,0,0,0,1,1,0,1,2,0,1,0,0,1,0,0,0,0,0,0,0,1,1,0,0,0,2,1,1,1,0,0,0,1,0,0,1,0,1,2,1,1,0,2,0,0,1,0,1,0,0,0,0,2,0,2,0,1,1,2,0,1,2,0,1,0,0,0,1,0,1,1,0,0,1,2,1,0,0,0,1
rs1042,1,91845,C,G,2,1,1,2,1,2,1,1,2,2,1,1,2,1,2,2,1,0,0,0,2,1,1,2,1,1,1,1,1,0,0,2,1,2,2,1,2,1,2,2,0,2,0,1,2,2,2,2,1,2,0,1,2,1,0,0,1,2,1,1,1,1,0,1,1,2,2,1,2,1,2,1,2,2,2,2,2,2,2,2,1,0,2,0,1,1,2,1,0,0,1,0,2,0,2,1,1,2,2,2,1,2,2,2,2,2,1,1,1,1,2,0,0,2,2,1,1,2,0,1
rs1043,1,92795,T,A,0,2,1,2,2,2,2,1,1,1,2,2,2,2,1,1,1,2,2,2,2,2,1,2,2,2,2,1,2,2,2,1,2,1,0,1,0,2,2,0,2,1,2,2,2,1,2,2,2,2,2,1,1,2,2,2,2,2,2,2,2,2,2,2,2,1,2,2,1,2,2,1,2,1,1,2,0,2,2,1,2,2,2,2,1,2,2,2,2,2,1,2,2,2,2,2,2,2,2,1,2,2,1,2,0,1,2,2,1,2,2,2,2,1,2,2,2,2,2,2
rs1044,1,93873,A,G,2,1,2,1,2,2,2,2,1,2,1,1,1,2,2,1,2,2,2,2,1,2,2,1,2,2,2,2,1,2,2,2,2,1,2,2,2,2,0,2,2,1,2,2,1,1,1,2,1,1,2,2,2,1,2,2,1,0,1,1,2,2,2,1,1,2,1,2,2,1,0,2,1,1,1,1,2,1,2,2,2,2,2,2,2,2,0,2,2,2,2,2,2,2,2,1,2,1,2,1,2,2,1,1,2,1,1,2,2,2,1,2,2,2,2,2,1,1,2,2
rs1045,1,94682,G,A,0,1,1,1,2,2,2,1,0,1,1,1,1,2,1,0,1,2,2,2,1,2,1,1,2,2,2,1,1,2,2,1,2,0,0,1,0,2,0,0,2,0,2,2,1,0,1,2,1,1,2,1,1,1,2,2,1,0,1,1,2,2,2,1,1,2,1,2,1,1,0,1,1,0,0,1,0,1,2,1,2,2,2,2,1,2,0,2,2,2,1,2,2,2,2,1,2,1,2,0,2,2,0,1,0,0,1,2,1,2,1,2,2,1,2,2,1,0,2,2
rs1046,1,95587,C,T,0,2,1,2,2,2,2,1,1,1,2,2,2,2,1,1,1,2,2,2,2,2,1,2,2,2,2,1,2,2,2,2,2,1,0,1,0,2,2,0,2,1,2,2,2,1,2,2,2,2,2,1,1,2,2,2,2,2,2,2,2,2,2,2,2,2,2,2,1,2,2,1,2,1,1,2,0,2,2,1,2,2,2,2,1,2,2,2,2,2,1,2,2,2,2,2,2,2,2,1,2,2,1,2,0,1,2,2,1,2,2,2,2,1,2,2,2,2,2,2
rs1047,1,96410,T,C,0,1,1,1,2,2,2,1,0,1,1,1,1,2,1,0,1,2,2,2,1,2,1,1,2,2,2,1,1,2,2,1,2,0,0,1,0,2,0,0,2,0,2,2,1,0,1,2,1,1,2,1,1,1,2,2,1,0,1,1,2,2,2,1,1,2,1,2,1,1,0,1,1,0,0,1,0,1,2,1,2,2,2,2,1,2,0,2,2,2,1,2,2,2,2,1,2,1,2,0,2,2,0,1,0,0,1,2,1,2,1,2,2,1,2,2,1,0,2,2
rs1048,1,97212,A,C,0,2,1,1,1,0,1,1,1,0,2,2,1,1,0,1,1,2,2,2,1,1,1,1,1,1,1,1,2,2,2,0,1,1,0,1,0,1,2,0,2,1,2,1,1,1,1,0,2,1,2,1,0,2,2,2,2,2,2,2,1,1,2,2,2,0,1,1,0,2,2,1,1,1,1,1,0,1,0,0,1,2,0,2,1,1,2,1,2,2,1,2,0,2,0,2,1,1,0,1,1,0,1,1,0,1,2,1,1,1,1,2,2,1,0,1,2,2,2,1
rs1049,1,98187,G,T,2,0,1,1,1,2,1,1,1,2,0,0,1,1,2,1,1,0,0,0,1,1,1,1,1,1,1,1,0,0,0,2,1,1,2,1,2,1,0,2,0,1,0,1,1,1,1,2,0,1,0,1,2,0,0,0,0,0,0,0,1,1,0,0,0,2,1,1,2,0,0,1,1,1,1,1,2,1,2,2,1,0,2,0,1,1,0,1,0,0,0,0,2,0,2,0,1,1,2,1,1,2,1,1,2,1,0,1,1,1,1,0,0,2,2,1,0,0,0,1
rs1050,1,99022,A,T,0,0,0,1,1,2,1,0,0,1,0,0,1,1,1,0,0,0,0,0,1,1,0,1,1,1,1,0,0,0,0,1,1,0,0,0,0,1,0,0,0,0,0,1,1,0,0,2,0,1,0,0,1,0,0,0,0,0,0,0,1,1,0,0,0,2,1,1,1,0,0,0,1,0,0,1,0,1,2,1,1,0,2,0,0,1,0,1,0,0,0,0,2,0,2,0,1,1,2,0,1,2,0,1,0,0,0,1,0,1,1,0,0,1,2,1,0,0,0,1
rs1051,1,150109,G,C,0,0,0,0,2,0,1,1,0,1,0,0,1,0,1,1,0,2,1,0,0,0,0,0,1,1,1,1,0,0,0,1,0,0,2,1,0,1,0,1,1,0,1,1,1,1,2,0,0,1,0,1,1,1,0,0,0,0,0,1,1,0,0,1,2,0,2,0,0,1,0,1,0,1,1,0,1,1,2,0,1,1,1,1,0,0,0,0,1,1,1,0,1,0,2,0,0,0,1,0,0,0,1,1,0,0,0,1,1,0,0,2,1,0,0,1,1,2,1,0
rs1052,1,151079,C,G,1,0,1,2,0,0,0,1,2,1,1,0,1,0,1,1,1,0,0,1,0,1,1,0,1,1,1,0,0,0,0,2,1,1,1,1,0,0,1,1,1,0,2,0,2,1,1,0,0,1,1,1,1,1,1,0,0,1,0,0,0,0,1,0,1,0,1,1,0,1,1,0,2,0,1,1,0,0,2,0,0,0,0,0,0,0,0,2,1,2,0,1,1,0,0,1,1,0,0,2,0,0,1,1,1,1,1,0,0,0,1,0,0,0,1,1,1,1,0,0
rs1053,1,152110,T,A,0,0,2,0,1,1,0,1,1,0,1,0,1,1,1,0,1,0,1,0,0,0,0,0,1,1,0,0,1,0,1,2,1,2,1,0,0,0,0,1,0,1,1,1,1,0,1,0,1,0,1,0,2,1,0,1,1,0,0,0,0,0,0,1,1,1,0,0,2,1,0,0,1,1,1,0,0,0,2,0,0,1,1,0,1,0,1,0,0,0,1,0,0,0,1,2,0,1,1,1,0,0,0,0,1,1,0,1,1,0,1,0,1,0,0,1,1,1,0,1
rs1054,1,153152,A,G,0,1,1,1,2,0,0,0,0,1,1,0,1,2,0,0,0,1,1,0,1,0,0,0,0,2,1,1,0,0,0,0,1,1,1,0,0,0,1,0,2,2,0,0,0,0,0,1,1,0,1,0,0,0,2,0,1,0,0,0,1,1,2,1,1,1,2,0,1,1,1,0,0,0,0,1,1,1,0,1,0,0,1,1,2,0,1,1,1,1,2,1,0,0,1,2,0,1,0,1,0,0,1,0,2,0,1,2,0,0,0,0,0,0,0,1,0,1,1,0
rs1055,1,154259,G,A,1,0,1,0,0,0,1,1,1,1,1,0,0,0,0,1,0,0,2,2,1,0,0,0,0,1,1,1,1,1,0,1,1,0,0,1,0,0,0,1,1,1,0,0,0,0,1,0,2,1,0,0,0,1,1,0,1,1,1,0,1,1,1,1,0,0,1,0,0,1,0,0,1,1,0,0,0,0,1,0,0,2,1,1,0,1,2,1,1,0,1,0,2,1,1,1,1,0,1,1,0,0,1,0,0,1,0,1,1,2,1,1,0,1,1,1,0,0,0,0
rs1056,1,155368,C,T,0,1,1,1,0,0,1,0,1,1,1,1,1,1,0,0,0,1,1,0,0,0,1,1,1,2,1,0,0,0,0,2,1,0,1,2,0,1,1,1,0,0,1,2,1,1,1,0,1,0,2,1,0,1,0,0,0,1,0,0,0,1,2,2,0,2,2,1,1,0,1,1,0,1,0,0,1,1,0,0,0,1,2,1,2,0,0,0,0,1,1,1,0,0,1,0,0,1,1,1,0,0,0,1,0,0,1,1,0,1,1,0,1,0,0,1,0,1,0,0
rs1057,1,156342,T,C,1,1,2,2,1,1,2,1,2,2,1,1,1,2,2,2,2,2,1,0,1,0,1,2,1,2,2,2,2,1,1,2,2,0,2,2,1,2,2,1,2,2,1,2,2,2,2,1,1,1,2,2,2,1,1,0,2,2,0,1,1,1,2,2,0,2,2,2,2,2,2,1,1,2,1,1,1,2,2,1,1,1,2,1,2,2,2,1,1,2,2,2,1,1,2,2,1,1,2,2,2,1,1,1,2,2,1,2,1,2,1,1,1,2,2,1,1,1,1,2
rs1058,1,157185,A,C,1,2,2,1,1,2,2,1,1,2,2,2,2,1,1,2,1,2,2,2,2,2,2,2,2,2,2,1,2,1,2,2,2,2,2,2,2,2,2,2,1,1,2,2,2,1,2,2,2,2,2,1,2,2,2,2,2,2,2,2,2,2,2,2,2,2,2,1,2,0,1,2,2,1,2,1,2,2,1,2,2,2,2,2,2,2,2,2,1,1,2,2,2,1,2,1,2,2,1,2,1,1,2,1,0,2,2,2,1,2,2,1,2,1,0,2,1,2,1,1
rs1059,1,158206,G,T,0,0,1,0,0,1,1,0,0,1,0,0,0,0,1,2,1,1,0,0,1,0,0,1,0,0,1,1,2,0,1,0,1,0,1,0,1,1,1,0,1,1,0,0,1,0,1,1,0,1,0,0,2,0,1,0,2,1,0,1,1,0,0,0,0,0,0,0,1,0,0,0,1,0,1,0,0,1,1,1,1,0,0,0,0,2,2,1,0,0,1,1,1,0,1,1,1,0,0,1,1,0,1,0,0,2,0,1,0,1,0,0,0,1,0,0,0,0,1,1
rs1060,1,159233,A,T,1,2,1,1,1,1,1,1,1,2,2,2,2,1,0,0,0,1,2,2,1,2,2,1,2,2,1,0,0,1,1,2,1,2,1,2,1,1,1,2,0,0,2,2,1,1,1,1,2,1,2,1,0,2,1,2,0,1,2,1,1,2,2,2,2,2,2,1,1,0,1,2,1,1,1,1,2,1,0,1,1,2,2,2,2,0,0,1,1,1,1,1,1,1,1,0,1,2,1,1,0,1,1,2,0,0,2,1,1,1,2,1,2,0,0,2,1,2,0,0
rs1061,1,160186,G,C,1,1,2,2,1,1,2,1,2,2,1,1,1,2,2,2,2,2,1,0,1,0,1,2,1,2,2,2,2,1,1,2,2,0,2,2,1,2,2,1,2,2,1,2,2,2,2,1,1,1,2,2,2,1,1,0,2,2,0,1,1,1,2,2,0,2,2,2,2,2,2,1,1,2,1,1,1,2,2,1,1,1,2,2,2,2,2,1,1,2,2,2,1,1,2,2,1,1,2,2,2,1,1,1,2,2,1,2,1,2,1,1,1,2,2,1,1,1,2,2
rs1062,1,161090,C,G,0,0,1,0,0,1,1,0,0,1,0,0,0,0,1,2,1,1,0,0,1,0,0,1,0,0,1,1,2,0,1,0,1,0,1,0,1,1,1,0,1,1,0,0,1,0,1,1,0,1,0,0,2,0,1,0,2,1,0,1,1,0,0,0,0,0,0,0,1,0,0,0,1,0,1,0,0,1,1,1,1,0,0,0,0,2,2,1,0,0,1,1,1,0,1,1,1,0,0,1,1,0,1,0,0,2,0,1,0,1,0,0,0,1,0,0,0,0,1,1
rs1063,1,162053,T,A,0,1,1,1,0,0,1,0,1,1,1,1,1,1,0,0,0,1,1,0,0,0,1,1,1,2,1,0,0,0,0,2,1,0,1,2,0,1,1,1,0,0,1,2,1,1,1,1,1,0,2,1,0,1,0,0,0,1,0,0,0,1,2,2,0,2,2,1,1,0,1,1,0,1,0,0,1,1,0,0,0,1,2,1,2,0,0,0,0,1,1,1,0,0,1,0,0,1,1,1,0,0,0,1,0,0,1,1,0,1,1,0,1,0,0,1,0,1,0,0
rs1064,1,162885,A,G,1,2,2,1,1,2,2,1,1,2,2,2,2,1,1,2,1,2,2,2,2,2,2,2,2,2,2,1,2,1,2,2,2,2,2,2,2,2,2,2,1,1,2,2,2,1,2,2,2,2,2,1,2,2,2,2,2,2,2,2,2,2,2,2,2,2,2,1,2,0,1,2,2,1,2,1,2,2,1,2,2,2,2,2,2,2,2,2,1,1,2,2,2,1,2,1,2,2,1,2,0,1,2,2,0,2,2,2,1,2,2,1,2,1,0,2,1,2,1,1
rs1065,1,163917,G,A,0,0,1,0,0,1,1,0,0,1,0,0,0,0,1,2,1,1,0,0,1,0,0,1,0,0,1,1,2,0,1,0,1,0,1,0,1,1,1,0,1,1,0,0,1,0,1,1,0,1,0,0,2,0,1,0,2,1,0,1,1,0,0,0,0,0,0,0,1,0,0,0,1,0,1,0,0,1,1,1,1,0,0,0,0,2,2,1,0,0,1,1,1,0,1,1,1,0,0,1,1,0,1,0,0,2,0,1,0,1,0,0,0,1,0,0,0,0,1,1
rs1066,1,164989,C,T,0,1,2,1,0,1,2,0,1,2,1,1,1,1,1,2,1,2,1,0,1,0,1,2,1,2,2,1,2,0,1,2,2,0,2,2,1,2,2,1,1,1,1,2,2,1,2,1,1,1,2,1,2,1,1,0,2,2,0,1,1,1,2,2,0,2,2,1,2,0,1,1,1,1,1,0,1,2,1,1,1,1,2,1,2,2,2,1,0,1,2,2,1,0,2,1,1,1,1,2,1,0,1,1,0,2,1,2,0,2,1,0,1,0,0,1,0,1,1,1
rs1067,1,166035,T,C,0,1,1,1,0,0,1,0,1,1,1,1,1,1,0,0,0,1,1,0,0,0,1,1,1,2,1,0,0,0,0,2,1,0,1,2,0,1,1,1,0,0,1,2,1,1,1,0,1,0,2,1,0,1,0,0,0,1,0,0,0,1,2,2,0,2,2,1,1,0,1,1,0,1,0,0,1,1,0,0,0,1,2,1,2,0,0,0,0,1,1,1,0,0,1,0,0,1,1,1,0,0,0,1,0,0,1,1,0,1,1,0,1,0,0,1,0,1,0,0
rs1068,1,166988,A,C,0,1,2,1,0,1,2,0,1,2,1,1,1,1,1,2,1,2,1,0,1,0,1,2,1,2,2,1,2,0,1,2,2,0,2,2,1,2,2,1,1,1,1,2,2,1,2,1,1,1,2,1,2,1,1,0,2,2,0,1,1,1,2,2,0,2,2,1,2,0,1,1,1,1,1,0,1,1,1,1,1,1,2,1,2,2,2,1,0,1,2,2,1,0,2,1,1,1,1,2,1,0,1,1,0,2,1,2,0,2,1,0,1,1,0,1,0,1,1,1
rs1069,1,168093,G,T,0,0,1,0,0,1,1,0,0,1,0,0,0,0,1,2,1,1,0,0,1,0,0,1,0,0,0,1,2,0,1,0,1,0,1,0,1,1,1,0,1,1,0,0,1,0,1,1,0,1,0,0,2,0,1,0,2,1,0,1,1,0,0,0,0,0,0,0,1,0,0,0,1,0,1,0,0,1,1,1,1,0,0,0,0,2,2,1,0,0,1,1,1,0,1,1,1,0,0,1,1,0,1,0,0,2,0,1,0,1,0,0,0,1,0,0,0,0,1,1
rs1070,1,169010,A,T,0,1,2,1,0,1,2,0,1,2,1,1,1,1,1,2,1,2,1,0,1,0,1,2,1,2,2,1,2,0,1,2,2,0,2,2,1,2,2,1,1,1,1,2,2,1,2,1,1,1,2,1,2,1,1,0,2,2,0,1,1,1,2,2,0,2,2,1,2,0,1,1,1,1,1,0,1,2,1,0,1,1,2,1,2,2,2,1,0,1,2,2,1,0,2,1,1,1,1,2,1,0,1,1,0,2,1,2,0,2,1,0,1,1,0,1,0,1,1,1
rs1071,1,170206,G,C,0,1,1,1,0,0,1,0,1,1,1,1,1,1,0,0,0,1,1,0,0,0,1,1,1,2,1,0,0,0,0,2,1,0,1,2,0,1,1,1,0,0,1,2,1,1,1,0,1,0,2,1,0,1,0,0,0,1,0,0,0,1,2,2,0,2,2,1,1,0,1,1,0,1,0,0,1,1,0,0,0,1,2,1,2,0,0,0,0,1,1,1,0,0,1,0,0,1,1,0,0,0,0,1,0,0,1,1,0,1,1,0,1,0,0,1,0,1,0,0
rs1072,1,171082,C,G,0,1,1,1,0,0,1,0,1,1,1,1,1,1,0,0,0,1,1,0,0,0,1,1,1,2,1,0,0,0,0,2,1,0,1,2,0,1,1,1,0,0,1,2,1,1,1,0,1,0,2,1,0,1,0,0,0,1,0,0,0,1,2,2,0,2,2,1,1,0,1,1,0,1,0,0,1,1,0,0,0,1,2,1,2,0,0,0,0,1,1,1,0,0,1,0,0,1,1,1,1,0,0,1,0,0,1,1,0,1,1,0,1,0,0,1,0,1,0,0
rs1073,1,172077,T,A,0,1,1,1,0,0,1,0,1,1,1,1,1,1,0,0,0,1,1,0,0,0,1,1,1,2,1,0,0,0,0,2,1,0,1,2,0,1,1,1,0,0,1,2,1,1,1,0,1,0,2,1,0,1,0,0,0,1,0,0,0,1,2,2,0,2,2,1,1,0,1,1,0,1,0,0,1,1,0,0,0,1,2,1,2,0,0,0,0,1,1,1,0,0,1,0,0,1,1,1,0,0,0,1,0,0,1,1,0,1,1,0,1,0,0,1,0,1,0,0
rs1074,1,173055,A,G,1,2,2,2,1,1,2,1,2,2,1,1,1,2,2,2,2,2,1,0,1,0,1,2,1,2,2,2,2,1,1,2,2,0,2,2,1,2,2,1,2,2,1,2,2,2,2,1,1,1,2,2,2,1,1,0,2,2,0,1,1,1,2,2,0,2,2,2,2,2,2,1,1,2,1,1,1,2,2,1,1,1,2,1,2,2,2,1,1,2,2,2,1,1,2,2,1,1,2,2,2,1,1,1,2,2,1,2,1,2,1,1,1,2,2,1,1,1,2,2
rs1075,1,174016,G,A,0,1,1,1,0,0,1,0,1,1,1,1,1,1,0,0,0,1,1,0,0,0,1,1,1,2,1,0,0,0,0,2,1,0,1,2,0,1,1,1,0,0,1,2,1,1,1,0,1,0,2,1,0,1,0,0,0,1,0,0,0,1,2,2,0,2,2,1,1,0,1,1,0,1,0,0,1,1,0,0,1,1,2,1,2,0,0,0,0,1,1,1,0,0,1,0,0,1,1,1,0,0,0,1,0,0,1,1,0,1,1,0,1,0,0,1,0,1,0,0
rs1076,1,175013,C,T,1,1,0,0,1,1,0,1,0,0,1,1,1,0,0,0,0,0,1,2,1,2,1,0,1,0,0,0,0,1,0,0,0,2,0,0,1,0,0,1,0,0,1,0,0,0,0,1,1,1,0,0,0,1,1,2,0,0,2,1,1,1,0,0,2,0,0,0,0,0,0,1,1,0,1,1,1,0,0,1,1,1,0,1,0,0,0,1,1,0,0,0,1,1,0,0,1,1,0,0,0,1,1,1,0,0,1,0,1,0,1,1,1,0,0,1,1,1,0,0
rs1077,1,176206,T,C,0,1,1,1,0,0,1,0,1,1,1,1,1,1,0,0,0,0,1,0,0,0,1,1,1,2,1,0,0,0,0,2,1,0,1,2,0,1,1,1,0,0,1,2,1,1,1,0,1,0,2,1,0,1,0,0,0,1,0,0,0,1,2,2,0,2,2,1,1,0,1,1,0,1,0,0,1,1,0,0,0,1,2,1,2,0,0,0,0,1,1,1,0,0,1,0,0,1,1,1,0,0,0,1,0,0,1,1,0,1,1,0,1,0,0,1,0,1,0,0
rs1078,1,177230,A,C,1,0,1,1,1,1,1,1,1,1,0,0,0,1,2,2,2,1,0,0,1,0,0,1,0,0,1,2,2,1,1,0,1,0,1,0,1,1,1,0,2,2,0,0,1,1,1,1,0,1,1,1,2,0,1,0,2,1,0,1,1,0,0,0,0,0,0,1,1,2,1,0,1,1,1,1,0,1,2,1,1,0,0,0,0,2,2,1,1,1,1,1,1,1,1,2,1,0,1,1,2,1,1,0,2,2,0,1,1,1,0,1,0,2,2,0,1,0,2,2
rs1079,1,178307,G,T,0,1,1,1,0,0,1,0,1,1,1,1,1,1,0,0,0,1,1,0,0,0,1,1,1,2,1,0,0,0,0,2,1,0,1,2,0,1,1,1,0,0,1,2,1,1,1,0,1,0,2,1,0,1,0,0,0,1,0,0,0,1,2,2,0,2,2,1,1,0,1,1,0,1,0,0,1,1,0,0,0,1,2,1,2,0,0,0,0,1,1,1,0,0,1,0,0,1,1,1,0,0,0,1,0,0,1,1,0,1,1,0,1,0,0,1,0,1,0,0
rs1080,1,179371,A,T,0,1,2,1,0,1,2,0,1,2,1,1,1,1,1,2,1,2,1,0,1,0,1,2,1,2,2,1,2,0,1,2,2,0,2,2,1,2,2,1,1,1,1,2,2,1,2,1,1,1,2,1,2,1,1,0,2,2,0,1,1,1,2,2,0,2,2,1,2,0,1,1,1,1,1,0,1,2,1,1,1,1,2,1,2,2,2,1,0,1,2,2,1,0,2,1,1,1,1,2,2,0,1,1,0,2,1,2,0,2,1,0,1,1,0,1,0,1,1,1
rs2001,2,1000,G,C,1,1,0,1,1,2,1,1,1,2,2,1,1,1,0,1,1,2,1,0,0,2,0,2,1,0,1,1,0,1,0,1,0,2,2,1,1,0,1,1,0,0,1,1,2,2,1,0,2,1,2,1,1,1,1,2,0,0,1,1,2,0,1,2,1,1,1,1,1,1,2,1,1,1,0,2,1,0,0,0,2,2,1,0,2,1,0,1,2,1,0,1,2,1,1,1,2,0,1,1,0,1,1,0,2,1,1,0,1,2,1,1,2,0,1,2,0,1,1,1
rs2002,2,2111,C,G,1,1,0,0,1,1,0,1,0,1,1,0,0,1,2,1,1,0,0,2,1,0,1,1,1,1,0,1,0,1,0,0,1,0,2,0,0,1,1,0,0,0,0,1,1,0,1,0,2,0,1,0,2,1,0,1,1,2,2,0,1,0,0,1,0,0,0,1,0,1,1,1,1,0,0,2,0,1,1,1,1,1,2,1,0,2,0,0,1,2,2,0,1,0,2,0,0,0,1,0,0,1,1,0,1,1,0,1,1,0,2,1,0,1,1,0,0,0,0,0
rs2003,2,3205,T,A,1,1,0,0,1,1,0,1,1,1,1,0,0,1,2,1,1,0,0,2,1,0,1,1,1,1,0,1,0,1,0,0,1,0,2,0,0,1,1,0,0,0,0,1,1,0,1,0,2,0,1,0,2,1,0,1,1,2,2,0,1,0,0,1,0,0,0,1,0,1,1,1,1,0,0,2,0,1,1,1,1,1,2,1,0,2,0,0,1,2,2,0,1,0,2,0,0,0,1,0,0,1,1,0,1,1,0,1,1,0,2,1,0,1,1,0,0,0,0,0
rs2004,2,4401,A,G,1,0,0,0,0,1,0,1,0,2,1,0,0,1,0,0,1,0,0,0,0,0,0,1,1,0,0,0,0,1,0,0,0,0,2,0,0,0,1,0,0,0,0,0,1,0,0,0,2,0,1,0,1,0,0,1,0,0,1,0,1,0,0,1,0,0,0,1,0,1,0,0,0,0,0,2,0,0,0,0,1,1,1,0,0,1,0,0,1,1,0,0,1,0,1,0,0,0,0,0,0,1,1,0,1,1,0,0,1,0,1,0,0,0,1,0,0,0,0,0
rs2005,2,5459,G,A,2,1,2,1,1,1,1,2,1,1,1,1,1,2,2,1,2,0,1,2,2,0,2,1,2,2,1,1,2,2,2,1,2,0,2,1,1,2,2,1,2,2,1,1,1,0,1,2,2,1,1,1,2,1,1,1,2,2,2,1,1,2,1,1,1,1,1,2,1,2,1,1,1,0,2,2,1,2,2,2,1,1,2,2,0,2,2,1,1,2,2,1,1,1,2,1,0,2,1,1,2,2,2,2,1,2,1,2,2,0,2,1,0,2,2,0,2,1,1,1
rs2006,2,6556,C,T,2,1,2,2,1,2,2,2,1,2,2,2,2,2,0,1,2,2,2,0,1,2,1,2,2,1,2,1,2,2,2,2,1,2,2,2,2,1,2,2,2,2,2,1,2,2,1,2,2,2,2,2,1,1,2,2,1,0,1,2,2,2,2,2,2,2,2,2,2,2,1,1,1,2,2,2,2,1,1,1,2,2,1,1,2,1,2,2,2,1,0,2,2,2,1,2,2,2,1,2,2,2,2,2,2,2,2,1,2,2,1,1,2,1,2,2,2,2,2,2
rs2007,2,7363,T,C,1,1,0,0,1,1,0,1,1,1,1,0,0,1,2,1,1,0,0,2,1,0,1,1,1,1,0,1,0,1,0,0,1,0,2,0,0,1,1,0,0,0,0,1,1,0,1,0,2,0,1,0,2,1,0,1,1,2,2,0,1,0,0,1,0,0,0,1,0,1,1,1,1,0,0,2,0,1,1,1,1,1,2,1,0,2,0,0,1,2,2,0,1,0,2,0,0,0,1,0,0,1,1,1,1,1,0,1,1,0,2,1,0,1,1,0,0,0,0,0
rs2008,2,8535,A,C,1,0,0,0,0,1,0,1,0,1,1,0,0,1,0,0,1,0,0,0,0,0,0,1,1,0,0,0,0,1,0,0,0,0,2,0,0,0,1,0,0,0,0,0,1,0,0,0,2,0,1,0,1,0,1,1,0,0,1,0,1,0,0,1,0,0,0,1,0,1,0,0,0,0,0,2,0,0,0,0,1,1,1,0,0,1,0,0,1,1,0,0,1,0,1,0,0,0,0,0,0,1,1,0,1,1,0,0,1,0,1,0,0,0,1,0,0,0,0,0
rs2009,2,9605,G,T,2,1,2,1,1,1,1,2,1,1,1,1,1,2,2,1,2,0,1,2,2,0,2,1,2,2,1,1,2,2,2,1,2,0,2,1,1,2,2,0,2,2,1,1,1,0,1,2,2,1,1,1,2,1,1,1,2,2,2,1,1,2,1,1,1,1,1,2,1,2,1,1,1,1,2,2,1,2,2,2,1,1,2,2,0,2,2,1,1,2,2,1,1,1,2,1,0,2,1,1,2,2,2,2,1,2,1,2,2,0,2,1,0,2,2,0,2,1,1,1
rs2010,2,10549,A,T,2,0,2,1,0,1,1,2,0,1,1,1,1,2,0,0,2,0,1,0,1,0,1,1,2,1,1,0,2,2,2,1,1,0,2,1,1,2,2,1,2,2,1,0,1,0,0,2,2,1,1,1,1,0,1,1,1,0,1,1,1,2,1,1,1,1,1,2,1,2,0,0,0,1,2,2,1,1,1,1,1,1,1,1,0,1,2,1,1,1,0,1,1,1,1,1,0,2,0,1,2,2,2,2,1,2,1,1,2,0,1,0,0,1,2,0,2,1,1,1
rs2011,2,11522,G,C,2,0,2,1,0,1,1,2,0,1,1,1,1,2,0,0,2,0,1,0,1,0,1,1,2,1,1,0,2,2,2,1,1,0,2,1,1,1,2,1,2,2,1,0,1,0,0,2,2,1,1,1,1,0,1,1,1,0,1,1,1,2,1,1,1,1,1,2,1,2,0,0,0,1,2,2,1,1,1,1,1,1,1,1,0,1,2,1,1,2,0,1,1,1,1,1,0,2,0,1,2,2,2,2,1,2,1,1,2,0,1,0,0,1,2,0,2,1,1,1
rs2012,2,12508,C,G,2,1,2,1,1,1,1,2,1,1,1,1,1,2,2,1,2,0,1,2,2,0,2,1,2,2,1,1,2,2,2,1,2,0,2,1,1,2,2,1,2,2,1,1,1,0,1,2,2,1,1,1,2,1,1,1,2,2,2,1,1,2,1,1,1,1,1,2,1,2,1,1,1,1,2,2,1,2,2,2,1,1,2,2,0,2,2,1,1,2,2,1,1,1,2,1,0,2,1,1,2,2,2,2,1,2,1,2,2,0,2,0,0,2,2,0,2,1,1,1
rs2013,2,13373,T,A,2,1,2,1,1,1,1,2,1,1,1,1,1,2,2,1,2,0,1,2,2,0,2,1,2,2,1,1,2,2,2,1,2,0,2,1,1,2,2,1,2,2,1,1,1,0,1,2,2,1,1,1,2,1,1,1,2,2,2,1,1,2,1,1,1,1,1,2,1,2,1,1,1,1,2,2,1,2,2,2,1,1,2,2,0,2,2,1,1,2,2,1,1,1,2,1,0,2,1,1,2,2,2,2,1,2,1,2,2,0,2,1,0,2,2,0,2,1,1,1
rs2014,2,14303,A,G,2,0,2,1,0,1,1,2,0,1,1,1,1,2,0,0,2,0,1,0,1,0,1,1,2,1,1,0,2,2,2,1,1,0,2,1,1,1,2,1,2,2,1,0,1,0,0,2,2,1,1,1,1,0,1,1,1,0,1,1,1,2,1,1,1,1,1,2,1,2,0,0,0,1,2,2,1,1,1,1,1,1,1,1,0,1,2,1,1,1,0,1,1,1,1,1,0,2,0,1,2,2,2,2,1,2,1,1,2,0,1,0,0,1,2,0,2,1,1,1
rs2015,2,15334,G,A,1,1,0,1,1,2,1,1,1,2,2,1,1,1,0,1,1,2,1,0,0,2,0,2,1,0,1,1,0,1,0,1,0,2,2,1,1,0,1,1,0,0,1,1,2,2,1,0,2,1,2,1,1,1,1,2,0,0,1,1,2,0,1,2,1,1,1,1,1,1,1,1,1,1,0,2,1,0,0,0,2,2,1,0,2,1,0,1,2,1,0,1,2,1,1,1,2,0,1,1,0,1,1,0,2,1,1,0,1,2,1,1,2,0,2,2,0,1,1,1
rs2016,2,16211,C,T,2,1,2,1,1,1,1,2,1,1,1,1,1,2,2,1,2,0,1,2,2,0,2,1,2,2,1,1,2,2,2,1,2,0,2,1,1,2,2,1,2,2,1,1,1,0,1,2,2,1,1,1,2,1,1,1,2,2,2,1,1,2,1,1,1,1,1,2,1,2,1,1,1,1,2,2,1,2,2,2,1,1,2,2,1,2,2,1,1,2,2,1,1,1,2,1,0,2,1,1,2,2,2,2,1,2,1,2,2,0,2,1,0,2,2,0,2,1,1,1
rs2017,2,17041,T,C,2,0,2,1,0,1,1,2,0,1,1,1,1,2,0,0,2,0,1,0,1,0,1,1,2,1,1,0,2,2,2,1,1,0,2,1,1,1,2,1,2,2,1,0,1,0,0,2,2,1,1,1,1,0,1,1,1,0,0,1,1,2,1,1,1,1,1,2,1,2,0,0,0,1,2,2,1,1,1,1,1,1,1,1,0,1,2,1,1,1,0,1,1,1,1,1,0,2,0,1,2,2,2,2,1,2,1,1,2,0,1,0,0,1,2,0,2,1,1,1
rs2018,2,18186,A,C,2,0,2,1,0,1,1,2,0,1,1,1,1,2,0,0,2,0,1,0,1,0,1,1,2,1,1,0,2,2,2,1,1,0,2,1,1,1,2,1,2,2,1,0,1,0,0,2,2,1,1,1,1,0,1,1,1,0,1,1,1,2,1,1,1,1,2,2,1,2,0,0,0,1,2,2,1,1,1,1,1,1,1,1,0,1,2,1,1,1,0,1,1,1,1,1,0,2,0,1,2,2,2,2,1,2,1,1,2,0,1,0,0,1,2,0,2,1,1,1
rs2019,2,19151,G,T,2,0,2,1,0,1,1,2,0,1,1,1,1,2,0,0,2,0,1,0,1,0,1,1,2,1,1,0,2,2,2,1,1,0,2,1,1,1,2,1,2,2,1,0,1,0,0,2,2,1,1,1,1,0,1,1,1,0,1,1,1,2,2,1,1,1,1,2,1,2,0,0,0,1,2,2,1,1,1,1,1,1,1,1,0,1,2,1,1,1,0,1,1,1,1,1,0,2,0,1,2,2,2,2,1,2,1,1,2,0,1,0,0,1,2,0,2,1,1,1
rs2020,2,20071,A,T,1,1,0,0,1,1,0,1,1,1,1,0,0,1,2,1,1,0,0,2,1,0,1,1,1,1,0,1,0,1,0,0,1,0,2,0,0,1,1,0,0,0,0,1,1,0,1,0,2,0,1,0,2,1,0,1,1,2,2,0,1,0,0,1,0,0,0,1,0,1,1,1,1,0,0,2,0,1,1,1,1,1,2,1,0,2,0,0,1,2,2,0,1,0,2,0,0,0,1,0,0,1,1,0,1,1,0,1,1,0,2,1,0,1,1,0,0,0,0,0
rs2021,2,20872,G,C,1,2,0,1,2,2,1,1,2,2,2,1,1,1,2,2,1,2,1,2,1,2,1,2,1,1,1,2,0,1,0,1,1,2,2,1,1,1,1,1,0,0,1,2,2,2,2,0,2,1,2,1,2,2,1,2,1,2,2,1,2,0,1,2,1,1,1,1,1,1,2,2,2,1,0,2,1,1,1,1,2,2,2,1,2,2,0,1,2,2,2,1,2,1,2,1,2,0,2,1,0,1,1,0,2,1,1,1,1,2,2,2,2,1,1,2,0,0,1,1
rs2022,2,21950,C,G,1,0,2,1,0,0,1,1,0,0,0,1,1,1,0,0,1,0,1,0,1,0,1,0,1,1,1,0,2,1,2,1,1,0,0,1,1,1,1,1,2,2,1,0,0,0,0,2,0,1,0,1,0,0,1,0,1,0,0,1,0,2,1,0,1,1,1,1,1,1,0,0,0,1,2,0,1,1,1,1,0,0,0,1,0,0,2,1,0,0,0,1,0,1,0,1,0,2,0,1,2,1,1,2,0,1,1,1,1,0,0,0,0,1,1,0,2,1,1,1
rs2023,2,22807,T,A,2,0,2,1,0,1,1,2,0,1,1,1,1,2,0,0,2,0,1,0,1,0,1,1,2,1,1,0,2,2,2,1,1,0,2,1,1,1,2,1,2,2,1,0,1,0,0,2,2,1,1,1,1,0,1,1,1,0,1,1,1,2,1,1,1,1,1,2,1,2,0,0,0,1,2,2,1,1,1,1,1,1,1,1,0,1,2,1,1,1,0,1,1,0,1,1,0,2,0,1,2,2,2,2,1,2,1,1,2,0,1,0,0,1,2,0,2,1,1,1
rs2024,2,23788,A,G,2,0,2,1,0,1,1,1,0,1,1,1,1,2,0,0,2,0,1,0,1,0,1,1,2,1,1,0,2,2,2,1,1,0,2,1,1,1,2,1,2,2,1,0,1,0,0,2,2,1,1,1,1,0,1,1,1,0,1,1,1,2,1,1,1,1,1,2,1,2,0,0,0,1,2,2,1,1,1,1,1,1,1,1,0,1,2,1,1,1,0,1,1,1,1,1,0,2,0,1,2,2,2,2,1,2,1,1,2,0,1,0,0,1,2,0,2,1,1,1
rs2025,2,24985,G,A,2,1,2,1,1,1,1,2,1,1,1,1,1,2,2,1,2,0,1,2,2,0,2,1,2,2,1,1,2,2,2,1,2,0,2,1,1,2,2,1,2,2,1,1,1,0,1,2,2,1,1,1,2,1,1,1,2,2,2,1,1,2,1,1,1,1,1,2,1,2,1,1,1,1,2,2,1,2,2,2,1,1,2,2,0,2,2,1,1,2,2,1,1,1,2,1,0,2,1,1,2,2,2,2,1,2,1,2,2,0,2,1,0,2,2,0,2,1,1,1
rs2026,2,26110,C,T,1,1,2,2,1,1,2,1,1,1,1,2,2,1,0,1,1,2,2,0,1,2,1,1,1,1,2,1,2,1,2,2,1,2,0,2,2,1,1,2,2,2,2,1,1,2,1,2,0,2,1,2,0,1,2,1,1,0,0,2,1,2,2,1,2,2,2,1,2,1,1,1,1,2,2,0,2,1,1,1,1,1,0,1,2,0,2,2,1,0,0,2,1,2,0,2,2,2,1,2,2,1,1,2,1,1,2,1,1,2,0,1,2,1,1,2,2,2,2,2
rs2027,2,26931,T,C,1,0,0,0,0,1,0,1,0,1,1,0,0,2,0,0,1,0,0,0,0,0,0,1,1,0,0,0,0,1,0,0,0,0,2,0,0,0,1,0,0,0,0,0,1,0,0,0,2,0,1,0,1,0,0,1,0,0,1,0,1,0,0,1,0,0,0,1,0,1,0,0,0,0,0,2,0,0,0,0,1,1,1,0,0,1,0,0,1,1,0,0,1,0,1,0,0,0,0,0,0,1,1,0,1,1,0,0,1,0,1,0,0,0,1,0,0,0,0,0
rs2028,2,27800,A,C,1,0,0,0,0,1,0,1,0,1,1,0,0,1,0,0,1,0,0,0,0,0,0,1,1,0,0,0,0,1,0,0,0,0,2,0,0,0,1,0,0,0,0,0,1,0,0,0,2,0,1,0,1,0,0,0,0,0,1,0,1,0,0,1,0,0,0,1,0,1,0,0,0,0,0,2,0,0,0,0,1,1,1,0,0,1,0,0,1,1,0,0,1,0,1,0,0,0,0,0,0,1,1,0,1,1,0,0,1,0,1,0,0,0,1,0,0,0,0,0
rs2029,2,28998,G,T,1,0,0,0,0,1,0,1,0,1,1,0,0,1,0,0,1,0,0,0,0,0,0,1,1,0,0,0,0,1,0,0,0,0,2,0,0,0,1,0,0,0,0,0,1,0,0,0,2,0,1,0,1,0,0,1,0,0,1,0,1,0,0,1,0,0,0,1,0,1,0,0,0,0,0,2,0,0,0,0,1,1,1,0,0,1,0,0,1,1,0,0,1,0,1,0,0,0,0,0,0,1,1,0,1,1,0,0,1,0,1,0,0,0,1,0,0,0,0,0
rs2030,2,30023,A,T,2,1,2,1,1,1,1,2,1,1,1,1,1,2,2,1,2,0,1,2,2,0,2,1,2,2,1,1,2,2,2,1,2,0,2,1,1,2,2,1,2,2,1,1,1,0,1,2,2,1,1,1,2,1,1,1,2,2,2,1,1,2,1,1,1,1,1,2,1,2,1,1,1,1,2,2,1,2,2,2,1,1,2,2,0,2,2,1,0,2,2,1,1,1,2,1,0,2,1,1,2,2,2,2,1,2,1,2,2,0,2,1,0,2,2,0,2,1,1,1
rs2031,2,80996,G,C,2,2,1,0,1,0,0,2,2,0,0,1,0,1,1,1,0,0,0,1,0,0,0,0,0,1,0,0,0,0,0,2,1,0,0,2,0,1,0,0,1,1,0,0,0,0,0,1,1,0,1,0,0,0,1,1,0,1,1,0,2,0,0,1,0,1,1,0,0,0,1,2,1,1,0,1,1,1,0,0,1,0,1,0,0,1,1,2,0,1,0,0,1,0,0,0,0,0,1,0,0,1,2,0,0,0,0,0,0,2,0,1,2,0,1,1,1,0,1,0
rs2032,2,81950,C,G,1,1,2,0,2,0,0,1,0,0,1,1,2,0,1,0,1,1,0,0,1,2,0,1,1,0,0,0,0,2,1,0,0,2,1,2,2,1,2,1,0,2,1,0,1,1,0,0,1,0,0,0,0,0,0,1,1,0,0,0,1,1,0,2,0,2,2,0,0,0,0,0,1,0,1,1,2,0,1,1,1,0,1,0,1,0,0,1,2,0,1,0,1,2,1,1,1,0,0,1,0,0,1,1,1,0,1,0,0,2,1,2,1,1,0,1,1,0,1,0
rs2033,2,82981,T,A,1,0,1,0,0,1,0,0,0,1,1,0,0,0,0,0,0,1,0,1,0,1,0,0,1,1,0,0,2,0,1,1,0,1,1,1,0,1,0,1,0,1,0,0,0,1,0,0,0,0,1,0,1,0,0,1,0,0,0,0,0,0,1,0,1,1,1,0,0,0,1,0,0,0,0,0,1,0,0,1,0,0,0,1,0,0,0,0,1,0,0,0,0,1,0,0,0,1,1,0,0,1,0,0,1,1,0,1,0,1,0,0,1,0,0,1,0,1,0,1
rs2034,2,84048,A,G,0,0,0,1,1,0,1,0,0,1,1,2,2,0,0,0,1,2,0,0,1,2,1,0,0,1,1,0,0,1,0,0,2,1,0,0,0,1,1,1,1,1,0,1,1,1,0,0,0,0,0,1,2,0,2,0,2,1,1,1,2,1,1,0,2,1,1,1,0,1,1,0,0,0,2,0,1,1,0,0,1,1,1,0,1,0,1,2,0,2,0,1,1,0,1,1,0,0,0,1,1,0,0,1,1,1,0,0,1,1,0,1,1,0,1,1,0,2,1,0
rs2035,2,85240,G,A,0,0,2,0,0,0,0,1,0,1,0,0,1,0,0,0,0,1,0,0,0,1,0,1,2,0,0,0,0,0,2,0,0,0,1,0,0,1,0,0,0,0,1,0,1,1,0,1,0,0,0,0,1,0,0,0,0,0,0,0,1,1,1,1,1,0,0,0,0,0,0,0,0,2,0,1,0,2,1,0,0,0,0,1,0,0,2,0,1,1,1,0,0,1,1,1,0,0,0,0,1,0,0,0,0,1,0,0,2,0,0,0,0,0,0,0,0,1,0,0
rs2036,2,86236,C,T,0,1,2,1,2,1,1,1,2,2,1,2,2,0,0,1,2,1,2,1,1,1,2,2,0,1,1,1,2,0,0,2,2,2,1,2,1,2,2,1,1,1,0,1,1,2,2,2,2,1,2,0,1,2,1,1,1,1,1,2,2,1,0,2,1,1,2,1,1,2,0,1,2,1,1,1,0,0,1,1,1,1,0,1,1,1,1,2,2,1,2,2,1,1,1,2,2,2,2,0,1,1,1,0,2,2,0,2,1,2,1,0,1,0,2,1,2,2,2,0
rs2037,2,87179,T,C,0,1,2,1,2,2,1,1,1,0,1,0,1,1,1,1,1,2,0,2,1,1,2,1,1,0,1,0,0,1,0,0,2,1,0,2,1,1,1,1,1,2,0,1,2,2,2,1,1,1,0,0,1,2,1,1,2,1,2,2,1,2,1,2,0,1,1,1,1,0,1,1,2,1,1,1,1,2,1,2,1,1,1,1,2,2,1,2,1,0,2,2,1,2,1,0,2,0,2,2,1,0,0,1,1,1,1,0,1,1,1,2,0,1,0,1,1,0,2,0
rs2038,2,88022,A,C,1,1,2,1,2,2,2,1,2,2,1,2,2,1,1,1,2,2,2,2,2,2,2,2,1,1,1,1,2,1,0,2,2,2,1,2,1,2,2,1,1,2,0,1,2,2,2,2,2,1,2,0,2,2,1,1,2,1,2,2,2,2,1,2,1,2,2,1,1,2,1,1,2,1,1,1,1,2,1,2,2,2,1,2,2,2,1,2,2,1,2,2,1,2,1,2,2,2,2,2,1,1,1,1,2,2,1,2,1,2,1,2,1,1,2,1,2,2,2,0
rs2039,2,88981,G,T,1,0,0,0,0,1,2,0,1,2,0,2,1,1,1,0,1,1,2,1,2,2,0,1,1,1,0,1,2,1,0,2,0,1,1,0,0,1,1,0,0,1,0,0,1,0,0,1,1,0,2,0,2,0,0,0,1,0,1,0,1,1,2,0,1,2,1,0,0,2,1,0,0,0,0,0,1,2,0,1,2,2,1,2,1,1,0,0,1,1,0,0,0,1,0,2,0,2,0,2,0,1,1,1,1,1,1,2,0,1,0,2,1,1,2,0,1,2,0,0
rs2040,2,90101,A,T,1,0,0,0,0,0,1,0,1,2,0,2,1,0,0,0,1,0,2,0,1,1,0,1,0,1,0,1,2,0,0,2,0,1,1,0,0,1,1,0,0,0,0,0,0,0,0,1,1,0,2,0,1,0,0,0,0,0,0,0,1,0,0,0,1,1,1,0,0,2,0,0,0,0,0,0,0,0,0,0,1,1,0,1,0,0,0,0,1,1,0,0,0,0,0,2,0,2,0,0,0,1,1,0,1,1,0,2,0,1,0,0,1,0,2,0,1,2,0,0
rs2041,2,91285,G,C,1,2,2,2,2,1,0,2,1,0,2,1,1,1,1,2,1,1,0,1,0,0,2,1,1,1,2,1,0,1,2,0,2,1,1,2,2,1,1,2,2,1,2,2,1,2,2,1,1,2,0,2,0,2,2,2,1,2,1,2,1,1,1,2,1,0,1,2,2,0,1,2,2,2,2,2,1,0,2,1,0,0,1,0,1,1,2,2,1,1,2,2,2,1,2,0,2,0,2,0,2,1,1,1,1,1,1,0,2,1,2,0,1,1,0,2,1,0,2,2
rs2042,2,92216,C,G,1,1,2,1,2,2,2,2,2,2,1,2,2,1,1,1,2,2,2,2,2,2,2,2,1,1,1,1,2,1,0,2,2,2,1,2,1,2,2,1,1,2,0,1,2,2,2,2,2,1,2,0,2,2,1,1,2,1,2,2,2,2,1,2,1,2,2,1,1,2,1,1,2,1,1,1,1,2,1,2,2,2,1,2,2,2,1,2,2,1,2,2,1,2,1,2,2,2,2,2,1,1,1,1,2,2,1,2,1,2,1,2,1,1,2,1,2,2,2,0
rs2043,2,93318,T,A,0,1,2,1,2,2,1,1,1,0,1,0,1,1,1,1,1,2,0,2,1,1,2,1,1,0,1,0,0,1,0,0,2,1,0,2,1,1,1,1,1,2,0,1,2,2,2,1,1,1,0,0,1,2,1,1,2,1,2,2,1,2,1,2,0,1,1,1,1,0,1,1,2,1,1,1,1,2,1,2,0,1,1,1,2,2,1,2,1,0,2,2,1,2,1,0,2,0,2,2,1,0,0,1,1,1,1,0,1,1,1,2,0,1,0,1,1,0,2,0
rs2044,2,94518,A,G,1,1,2,1,2,1,1,1,2,2,1,2,2,0,0,1,2,1,2,1,1,1,2,2,0,1,1,1,2,0,0,2,2,2,1,2,1,2,2,1,1,1,0,1,1,2,2,2,2,1,2,0,1,2,1,1,1,1,1,2,2,1,0,2,1,1,2,1,1,2,0,1,2,1,1,1,0,0,1,1,1,1,0,1,1,1,1,2,2,1,2,2,1,1,1,2,2,2,2,0,1,1,1,0,2,2,0,2,1,2,1,0,1,0,2,1,2,2,2,0
rs2045,2,95636,G,A,1,1,2,1,2,1,1,1,2,2,1,2,2,0,0,1,2,1,2,1,1,1,2,2,0,1,1,1,2,0,0,2,2,2,1,2,1,2,2,1,1,1,0,1,1,2,2,2,2,1,2,0,1,2,1,1,1,1,1,2,2,1,0,2,1,1,2,1,1,2,0,1,2,1,1,1,0,0,1,1,1,1,0,1,1,1,1,2,2,1,2,2,1,1,1,2,2,2,2,0,1,1,1,0,2,2,0,2,2,2,1,0,1,0,2,1,2,2,2,0
rs2046,2,96654,C,T,1,2,2,2,2,2,1,2,1,0,2,0,1,2,2,2,1,2,0,2,1,1,2,1,2,1,2,1,0,2,2,0,2,1,1,2,2,1,1,2,2,2,2,2,2,2,2,1,1,2,0,2,1,2,2,2,2,2,2,2,1,2,2,2,1,1,1,2,2,0,2,2,2,2,2,2,2,2,2,2,1,1,2,1,2,2,2,2,1,1,2,2,2,2,2,0,2,0,2,2,2,1,1,2,1,1,2,0,2,1,2,2,1,2,0,2,1,0,2,2
rs2047,2,97465,T,C,1,1,2,1,2,2,2,1,2,2,1,2,2,1,1,1,2,2,2,2,2,2,2,2,1,1,1,1,2,1,0,2,2,2,1,2,1,2,2,1,1,2,0,1,2,2,2,2,2,1,2,0,2,2,1,1,2,1,2,2,2,2,1,2,1,2,2,1,1,2,1,1,2,1,1,1,1,2,1,2,2,2,1,2,2,2,1,2,2,1,2,2,1,2,1,2,2,2,2,2,1,1,1,1,2,2,1,2,1,2,1,2,1,1,2,1,2,2,2,0
rs2048,2,98389,A,C,1,1,2,1,2,1,1,1,2,2,1,2,2,0,0,1,2,1,2,1,1,1,2,2,0,1,1,1,2,0,0,2,2,2,1,2,1,2,2,1,1,1,0,1,1,2,2,2,2,1,2,0,1,2,1,1,1,1,1,2,2,1,0,2,1,1,2,1,1,2,0,1,2,1,1,1,0,0,1,1,1,1,0,1,1,1,1,2,2,1,2,2,1,1,1,2,2,2,2,0,1,1,1,0,2,2,0,2,1,2,1,0,1,0,2,1,2,2,2,0
rs2049,2,99298,G,T,0,1,2,1,2,2,1,1,1,0,1,0,1,1,1,1,1,2,0,2,1,1,2,1,1,0,1,0,0,1,0,0,2,1,0,2,1,1,1,1,1,2,0,1,2,2,2,1,1,1,0,0,1,2,1,1,2,1,2,2,1,2,1,2,0,1,1,1,1,0,1,1,2,1,1,1,1,2,1,2,1,1,1,1,2,2,1,2,1,0,2,2,1,2,1,0,2,0,2,2,1,0,0,1,1,1,1,0,1,1,1,2,0,1,0,1,1,0,2,0
rs2050,2,100450,A,T,0,1,2,1,2,1,0,1,1,0,1,0,1,0,0,1,1,1,0,1,0,0,2,1,0,0,1,0,0,0,0,0,2,1,0,2,1,1,1,1,1,1,0,1,1,2,2,1,1,1,0,0,0,2,1,1,1,1,1,2,1,1,0,2,0,0,1,1,1,0,0,1,2,1,1,1,0,0,1,1,0,0,0,0,1,1,1,2,1,0,2,2,1,1,1,0,2,0,2,0,1,0,0,0,1,1,0,0,1,0,1,0,0,0,0,1,1,0,2,0
rs2051,2,101566,G,C,1,1,2,1,2,1,1,1,2,2,1,2,2,0,0,1,2,1,2,1,1,1,2,2,0,1,1,1,2,0,0,2,2,2,1,2,1,2,2,1,1,1,0,1,1,2,2,2,2,1,2,0,1,2,1,1,1,1,1,2,2,1,0,2,1,1,2,1,1,2,0,1,2,1,1,1,0,0,1,1,1,1,0,1,1,1,1,2,2,0,2,2,1,1,1,2,2,2,2,0,1,1,1,0,2,2,0,2,1,2,1,0,1,0,2,1,2,2,2,0
rs2052,2,102578,C,G,1,1,2,1,2,2,2,1,2,2,1,2,2,1,1,1,2,2,2,2,2,2,2,2,1,1,1,1,2,1,0,2,2,2,1,2,1,2,2,1,1,2,0,1,2,2,2,2,2,1,2,0,2,2,1,1,2,1,2,2,2,2,1,2,1,2,2,1,1,2,1,1,2,1,1,1,1,2,1,2,2,2,1,2,2,2,1,2,2,1,2,2,1,2,1,2,2,2,2,2,1,1,1,0,2,2,1,2,1,2,1,2,1,1,2,1,2,2,2,0
rs2053,2,103401,T,A,1,1,0,1,0,1,1,1,0,0,1,0,0,2,2,1,0,1,0,1,1,1,0,1,2,1,1,1,0,2,2,0,0,0,1,0,1,0,0,1,1,1,2,1,1,0,0,0,0,1,0,2,1,0,1,1,1,1,1,0,0,1,2,0,1,1,0,1,1,0,2,1,0,1,1,1,2,2,1,1,1,1,2,1,1,1,1,0,0,1,0,0,1,1,1,0,0,0,0,2,1,1,1,2,0,0,2,0,1,0,1,2,1,2,0,1,0,0,0,2
rs2054,2,104343,A,G,1,0,0,0,0,0,2,0,1,2,0,2,1,1,1,0,1,1,2,1,2,2,0,1,1,1,0,1,2,1,0,2,0,1,1,0,0,1,1,0,0,1,0,0,1,0,0,1,1,0,2,0,2,0,0,0,1,0,1,0,1,1,1,0,1,2,1,0,0,2,1,0,0,0,0,0,1,2,0,1,2,2,1,2,1,1,0,0,1,1,0,0,0,1,0,2,0,2,0,2,0,1,1,1,1,1,1,2,0,1,0,2,1,1,2,0,1,2,0,0
rs2055,2,105290,G,A,1,2,2,2,2,1,0,2,1,0,2,0,1,1,1,2,1,1,0,1,0,0,2,1,1,1,2,1,0,1,2,0,2,1,1,2,2,1,1,2,2,1,2,2,1,2,2,1,1,2,0,1,0,2,2,2,1,2,1,2,1,1,1,2,1,0,1,2,2,0,1,2,2,2,2,2,1,0,2,1,0,0,1,0,1,1,2,2,1,1,2,2,2,1,2,0,2,0,2,0,2,1,1,1,1,1,1,0,2,1,2,0,1,1,0,2,1,0,2,2
rs2056,2,156202,C,T,0,0,0,1,0,0,1,0,0,2,0,0,0,0,0,0,1,1,1,0,0,0,1,0,1,1,0,0,2,0,1,0,0,0,0,0,1,0,2,1,1,0,0,0,0,0,0,0,1,0,1,0,1,0,1,1,1,0,1,1,1,1,1,1,1,0,0,0,1,0,1,0,0,0,0,0,1,0,1,1,1,1,0,0,1,0,1,2,0,1,0,0,0,0,1,1,1,0,1,1,0,2,0,0,0,0,0,0,1,0,2,0,0,1,0,0,0,1,1,0
rs2057,2,157127,T,C,0,0,0,1,2,2,0,0,1,1,0,0,0,0,1,1,0,1,2,0,1,1,0,0,0,1,0,1,1,1,0,1,0,1,0,1,0,0,1,0,0,0,1,0,1,1,2,1,0,0,0,0,1,0,1,0,1,0,0,2,1,2,1,1,1,0,1,1,1,1,1,0,2,2,0,1,0,1,1,0,0,2,1,2,1,1,0,1,1,0,0,0,2,0,2,1,1,0,0,0,1,0,0,1,1,2,0,1,0,1,1,0,2,0,0,1,0,1,0,2
rs2058,2,158199,A,C,1,0,0,1,0,1,0,0,0,0,0,0,0,0,0,0,0,1,0,0,0,0,0,0,0,0,0,0,0,0,0,0,0,0,0,0,0,1,0,0,1,0,0,1,0,1,0,0,1,0,0,0,0,0,0,0,0,0,0,0,0,2,1,0,0,0,1,0,1,0,0,0,0,0,0,1,0,0,0,0,0,0,0,0,0,1,0,1,0,1,1,0,1,0,0,0,0,1,0,0,0,0,0,0,0,0,0,1,0,0,0,0,0,0,0,1,0,0,1,0
rs2059,2,159394,G,T,1,0,0,0,0,0,0,0,0,0,0,0,0,0,0,1,0,0,0,0,0,0,0,0,0,0,1,0,0,0,2,0,1,0,0,0,0,0,0,0,0,0,1,0,0,0,0,0,0,1,0,1,0,1,0,0,0,0,0,0,0,0,0,1,0,0,1,1,0,0,0,0,1,0,0,0,0,0,1,0,0,0,0,0,0,0,0,0,0,0,0,0,0,0,1,0,0,0,0,1,0,1,0,0,0,0,0,0,0,0,0,2,1,0,0,1,0,1,1,0
rs2060,2,160549,A,T,0,1,1,0,0,0,1,1,0,0,0,0,1,0,1,0,1,1,0,0,1,0,0,0,0,0,0,0,1,1,1,0,0,0,0,0,1,0,2,1,1,0,0,0,1,1,0,1,1,0,0,0,0,2,0,0,0,0,0,0,0,0,1,1,1,0,1,1,0,0,1,0,1,0,0,0,2,1,1,1,1,1,0,0,0,0,0,0,1,0,1,0,1,2,0,0,1,0,0,0,0,1,1,0,0,0,1,1,0,0,1,0,0,1,0,0,1,0,0,1
rs2061,2,161515,G,C,1,2,0,0,0,1,0,0,0,0,0,0,1,1,0,1,0,0,0,0,0,0,1,0,0,1,1,1,0,0,0,0,1,0,0,0,1,2,0,0,0,1,1,0,2,0,0,0,0,0,0,0,0,0,0,0,1,0,0,0,1,1,0,1,0,0,0,0,1,0,1,1,0,0,1,0,0,1,0,1,1,1,0,2,0,0,1,0,1,0,0,0,0,1,1,0,1,0,0,1,0,1,2,0,0,0,0,0,0,1,1,0,1,0,0,0,1,0,1,1
rs2062,2,162382,C,G,1,2,0,0,0,1,0,0,0,0,0,0,1,1,0,1,0,0,0,0,0,0,1,0,0,1,1,1,0,0,0,0,1,0,0,0,1,2,0,0,0,1,1,0,2,1,0,0,0,0,0,0,0,0,0,0,1,0,0,0,1,1,0,1,0,0,0,0,1,0,1,1,0,0,1,0,0,1,0,1,1,1,0,2,0,0,1,0,1,0,0,0,0,1,1,0,1,0,0,1,0,1,2,0,0,0,0,0,0,1,1,0,1,0,0,0,1,0,1,1
rs2063,2,163393,T,A,2,2,0,1,1,1,1,2,2,1,1,2,1,1,0,1,1,1,1,1,1,1,2,1,2,2,1,1,2,1,1,2,2,0,1,2,2,2,2,0,0,1,1,2,2,0,1,1,2,2,2,2,1,2,1,1,1,2,1,1,1,1,2,2,1,2,1,1,2,2,1,2,1,1,1,0,0,2,0,1,2,1,2,2,1,0,2,1,2,1,2,0,1,1,2,2,2,2,0,2,1,1,2,1,1,2,1,2,2,1,2,2,2,2,2,1,2,1,2,2
rs2064,2,164402,A,G,1,2,2,1,1,2,1,0,0,1,1,0,2,2,2,2,1,1,1,1,1,1,1,1,0,1,2,2,0,1,1,0,1,2,1,0,1,2,0,2,2,2,2,0,2,2,1,1,0,0,0,0,1,0,1,1,2,0,1,1,2,2,0,1,1,0,1,1,1,0,2,1,1,1,2,2,2,1,2,1,1,2,0,2,1,2,1,1,1,1,0,2,1,2,1,0,1,0,2,1,1,2,2,1,1,0,1,0,0,2,1,0,1,0,0,1,1,1,1,1
rs2065,2,165574,G,A,1,2,0,0,0,1,0,0,0,0,0,0,1,1,0,1,0,0,0,0,0,0,1,0,0,1,1,1,0,0,0,0,1,0,0,0,1,2,0,0,0,1,1,0,2,1,0,0,0,0,0,0,0,0,0,0,1,0,0,0,1,1,0,1,0,0,0,0,1,0,1,1,0,0,1,0,0,1,0,1,1,1,0,2,0,0,1,0,1,0,0,0,0,1,1,0,1,0,0,1,0,1,2,0,0,0,0,0,0,1,1,0,1,0,0,0,1,0,1,1
rs2066,2,166651,C,T,1,2,0,0,0,1,0,0,0,0,0,0,1,1,0,1,0,0,0,0,0,0,1,0,0,1,1,1,0,0,0,0,1,0,0,0,1,2,0,0,0,1,1,0,2,0,0,0,0,0,0,0,0,0,0,0,1,0,0,0,1,1,0,1,0,0,0,0,1,0,1,1,0,0,1,0,0,1,0,1,1,1,0,2,0,0,1,0,1,0,0,0,0,1,1,0,1,0,0,1,0,1,2,0,0,0,0,0,0,1,1,0,1,0,0,0,1,0,1,1
rs2067,2,167784,T,C,2,2,2,2,2,2,2,1,2,1,1,1,2,2,2,2,2,2,2,2,2,2,1,1,1,2,2,2,1,2,1,2,2,2,1,1,2,2,1,2,2,2,2,0,2,2,2,1,0,1,1,1,1,0,1,1,2,1,2,1,2,2,0,1,2,1,1,1,2,1,2,1,2,2,2,2,2,2,2,1,2,2,1,2,1,2,1,1,2,1,1,2,2,2,1,1,1,0,2,2,2,2,2,1,1,2,1,2,2,2,2,0,1,1,2,1,2,2,2,2
rs2068,2,168963,A,C,1,0,0,1,1,0,1,1,2,0,0,1,0,0,0,0,1,1,1,1,1,1,0,0,1,1,0,0,1,1,0,2,1,0,0,1,1,0,1,0,0,0,0,0,0,0,1,0,0,1,1,1,0,0,0,0,0,1,1,0,0,0,0,0,2,1,0,0,1,1,0,0,1,1,0,0,0,1,0,0,1,0,1,0,0,0,0,0,1,0,1,0,1,0,0,1,0,0,0,1,1,0,0,0,0,2,0,2,2,0,1,0,0,1,2,0,1,1,1,1
rs2069,2,170140,G,T,2,2,0,1,1,1,1,2,2,1,1,2,1,1,0,1,1,1,1,1,1,1,2,1,2,2,1,1,2,1,1,2,2,0,1,2,2,2,2,0,0,1,1,2,2,0,1,1,2,2,2,2,1,2,1,1,1,2,1,1,1,1,2,2,1,2,1,1,2,2,1,2,1,1,1,0,0,2,0,2,2,1,2,2,1,0,2,1,2,1,2,0,1,1,2,2,2,2,0,2,1,1,2,1,1,2,1,2,2,1,2,1,2,2,2,1,2,1,2,2
rs2070,2,170972,A,T,0,0,2,1,1,1,1,0,0,1,1,0,1,1,2,1,1,1,1,1,1,1,0,1,0,0,1,1,0,1,1,0,0,2,1,0,0,0,0,2,2,1,1,0,0,2,1,1,0,0,0,0,1,0,1,1,1,0,1,1,1,1,0,0,1,0,1,1,0,0,1,0,1,1,1,2,2,0,2,0,0,1,0,0,1,2,0,1,1,1,0,2,1,1,0,0,0,0,2,0,1,1,0,1,1,0,1,0,0,1,0,0,0,0,0,1,0,1,0,0
rs2071,2,171947,G,C,1,2,0,0,0,1,0,0,0,0,0,0,1,1,0,1,0,0,0,0,0,0,1,0,0,1,1,1,0,0,0,0,1,0,0,0,1,2,0,0,0,1,1,0,2,0,0,0,0,0,0,0,0,0,0,0,1,0,0,0,1,1,0,1,0,0,0,0,1,0,1,1,0,0,1,0,0,1,0,1,1,1,0,2,0,0,1,0,1,0,0,1,0,1,1,0,1,0,0,1,0,1,2,0,0,0,0,0,0,1,1,0,1,0,0,0,1,0,1,1
rs2072,2,172874,C,G,1,2,2,1,1,2,1,0,0,1,1,0,2,2,2,2,1,1,1,1,1,1,1,1,0,1,2,2,0,1,1,0,1,2,1,0,1,2,0,2,2,2,2,0,2,2,1,1,0,0,0,0,1,0,1,1,2,0,1,1,2,2,1,1,1,0,1,1,1,0,2,1,1,1,2,2,2,1,2,1,1,2,0,2,1,2,1,1,1,1,0,2,1,2,1,0,1,0,2,1,1,2,2,1,1,0,1,0,0,2,1,0,1,0,0,1,1,1,1,1
rs2073,2,173703,T,A,1,2,2,1,1,2,1,0,0,1,1,0,2,2,2,2,1,1,1,1,1,1,1,1,0,1,2,2,0,1,1,0,1,2,1,0,1,2,0,2,2,2,2,0,2,2,1,1,0,0,0,1,1,0,1,1,2,0,1,1,2,2,0,1,1,0,1,1,1,0,2,1,1,1,2,2,2,1,2,1,1,2,0,2,1,2,1,1,1,1,0,2,1,2,1,0,1,0,2,1,1,2,2,1,1,0,1,0,0,2,1,0,1,0,0,1,1,1,1,1
rs2074,2,174748,A,G,1,2,2,1,1,2,1,0,0,1,1,0,2,2,2,2,1,1,1,1,1,1,1,1,0,1,2,2,0,1,1,0,1,2,1,0,1,2,0,2,2,2,2,0,2,2,1,1,0,0,0,0,1,0,1,1,2,0,1,1,2,2,0,1,1,0,1,1,1,0,2,1,1,1,2,2,2,1,2,1,1,2,0,2,1,2,1,1,1,1,0,2,1,2,1,1,1,0,2,1,1,2,2,1,1,0,1,0,0,2,1,0,1,0,0,1,1,1,1,1
rs2075,2,175719,G,A,1,0,2,2,2,1,2,1,2,1,1,1,1,1,2,1,2,2,2,2,2,2,0,1,1,1,1,1,1,2,0,2,1,2,1,1,1,0,1,2,2,1,1,0,0,2,2,1,0,1,1,1,1,0,1,1,1,1,2,1,1,1,0,0,2,1,1,1,1,1,1,0,2,2,1,2,2,1,2,0,1,1,1,0,1,2,0,1,1,1,1,2,2,1,0,1,0,0,2,1,2,1,0,1,1,2,1,2,2,1,1,0,0,1,2,1,1,2,1,1
rs2076,2,176523,C,T,1,0,0,1,1,0,1,1,2,0,0,1,0,0,0,0,1,1,1,1,1,1,0,0,1,1,0,0,1,1,0,2,1,0,0,1,1,0,1,0,0,0,0,0,0,0,1,0,0,1,1,1,0,0,0,0,0,1,1,0,0,0,0,0,1,1,0,0,1,1,0,0,1,1,0,0,0,1,0,0,1,0,1,0,0,0,0,0,1,0,1,0,1,0,0,1,0,0,0,1,1,0,0,0,0,2,0,2,2,1,1,0,0,1,2,0,1,1,1,1
rs2077,2,177344,T,C,1,2,0,0,0,1,0,0,0,0,0,0,1,1,0,1,0,0,0,0,0,0,1,0,0,1,1,1,0,0,0,0,1,0,0,0,1,2,0,0,0,0,1,0,2,0,0,0,0,0,0,0,0,0,0,0,1,0,0,0,1,1,0,1,0,0,0,0,1,0,1,1,0,0,1,0,0,1,0,1,1,1,0,2,0,0,1,0,1,0,0,0,0,1,1,0,1,0,0,1,0,1,2,0,0,0,0,0,0,1,1,0,1,0,0,0,1,0,1,1
rs2078,2,178223,A,C,2,2,2,2,2,2,2,1,2,1,1,1,2,2,2,1,2,2,2,2,2,2,1,1,1,2,2,2,1,2,1,2,2,2,1,1,2,2,1,2,2,2,2,0,2,2,2,1,0,1,1,1,1,0,1,1,2,1,2,1,2,2,0,1,2,1,1,1,2,1,2,1,2,2,2,2,2,2,2,1,2,2,1,2,1,2,1,1,2,1,1,2,2,2,1,1,1,0,2,2,2,2,2,1,1,2,1,2,2,2,2,0,1,1,2,1,2,2,2,2
rs2079,2,179305,G,T,2,2,2,2,2,2,2,1,2,1,1,1,2,2,2,2,2,2,2,2,2,2,1,1,1,2,2,2,1,2,1,2,2,2,1,1,2,2,1,2,2,2,2,0,2,2,2,1,0,1,1,1,1,0,1,1,2,1,2,1,2,2,0,1,2,1,1,1,2,1,2,1,1,2,2,2,2,2,2,1,2,2,1,2,1,2,1,1,2,1,1,2,2,2,1,1,1,0,2,2,2,2,2,1,1,2,1,2,2,2,2,0,1,1,2,1,2,2,2,2
rs2080,2,180473,A,T,1,2,2,1,1,2,1,0,0,1,1,0,2,2,2,2,1,1,1,1,1,2,1,1,0,1,2,2,0,1,1,0,1,2,1,0,1,2,0,2,2,2,2,0,2,2,1,1,0,0,0,0,1,0,1,1,2,0,1,1,2,2,0,1,1,0,1,1,1,0,2,1,1,1,2,2,2,1,2,1,1,2,0,2,1,2,1,1,1,1,0,2,1,2,1,0,1,0,2,1,1,2,2,1,1,0,1,0,0,2,1,0,1,0,0,1,1,1,1,1
rs3001,3,1000,G,C,0,1,0,0,0,0,1,0,0,0,0,0,0,0,1,0,0,1,0,0,0,0,0,0,0,1,0,0,0,0,0,0,1,0,0,0,0,0,0,1,0,1,1,0,0,0,0,1,1,1,0,0,0,1,1,0,0,0,0,1,0,2,1,1,0,0,0,2,1,1,0,2,1,0,1,0,0,0,0,0,0,1,1,0,0,0,0,0,0,1,1,0,1,0,0,1,2,1,0,0,0,1,1,1,0,0,1,0,0,0,0,1,0,0,1,1,0,0,0,0
rs3002,3,2126,C,G,2,2,1,0,1,1,2,2,1,1,2,2,2,1,1,0,1,1,1,1,0,1,0,1,0,2,0,0,1,2,1,0,1,1,1,2,1,1,0,1,1,2,2,0,0,1,0,2,1,2,0,2,1,1,1,1,1,1,2,2,0,2,1,1,1,1,0,2,2,2,0,2,1,0,2,1,1,0,1,0,1,2,2,1,0,1,0,0,1,1,1,1,2,0,1,1,2,2,0,1,1,2,2,1,0,2,1,0,1,0,0,2,0,1,1,2,0,1,2,1
rs3003,3,3008,T,A,0,1,0,0,0,0,1,0,0,0,0,0,0,0,1,0,0,1,0,0,0,0,0,0,0,1,0,0,0,0,0,0,1,0,0,0,0,0,0,1,0,1,1,0,0,0,0,1,1,1,0,0,0,1,1,0,0,0,0,1,0,2,1,1,0,0,0,2,1,1,0,2,1,0,1,0,0,0,0,0,0,1,1,0,0,0,0,0,0,1,1,0,1,0,0,1,2,1,0,0,0,1,1,1,0,0,1,0,0,0,0,1,0,0,1,1,0,0,0,0
rs3004,3,3823,A,G,0,1,0,1,0,0,1,0,1,0,0,0,0,1,2,2,1,2,0,0,1,1,2,1,1,1,1,0,1,0,0,2,1,1,1,0,1,0,1,2,1,1,1,2,1,0,2,1,1,1,2,0,0,1,2,0,1,0,0,1,2,2,2,1,0,1,2,2,1,1,2,2,1,2,1,0,0,2,1,2,0,1,1,0,0,0,2,1,0,2,2,1,1,1,1,2,2,1,2,0,0,1,1,1,0,0,2,1,0,1,1,1,1,0,2,1,1,1,0,1
rs3005,3,4711,G,A,0,1,0,1,0,0,1,0,1,0,0,0,0,1,2,2,1,2,0,0,1,1,2,1,1,1,1,0,1,0,0,2,1,1,1,0,1,0,1,2,1,1,1,2,1,0,2,1,1,1,2,0,0,1,2,0,1,0,0,1,2,2,2,1,0,1,2,2,1,1,2,2,1,2,1,0,0,2,1,2,0,1,1,0,0,0,2,1,0,1,2,1,1,1,1,2,2,1,2,0,0,1,1,1,0,0,2,1,0,1,1,1,1,0,2,1,1,1,0,1
rs3006,3,5608,C,T,0,1,0,1,0,0,1,0,1,0,0,0,0,1,2,2,1,2,0,0,1,1,2,1,1,1,1,0,1,0,0,2,1,1,1,0,1,0,1,2,1,1,1,2,1,0,2,1,1,1,2,0,0,1,2,0,1,0,0,1,2,2,2,1,0,1,2,2,1,1,2,2,1,2,1,0,0,2,1,2,0,1,1,0,0,0,2,1,0,1,2,1,1,1,0,2,2,1,2,0,0,1,1,1,0,0,2,1,0,1,1,1,1,0,2,1,1,1,0,1
rs3007,3,6535,T,C,2,2,1,0,1,1,2,2,1,1,2,2,2,1,1,0,1,1,1,1,0,1,0,1,0,2,0,0,1,2,1,0,1,1,1,2,1,1,0,1,1,2,2,0,0,1,0,2,1,2,0,2,1,1,1,1,1,1,2,2,0,2,1,1,1,1,0,2,2,2,0,2,1,0,2,1,1,0,1,0,1,2,2,1,0,1,0,0,1,1,1,1,2,0,1,1,2,2,0,1,1,2,2,1,0,2,1,0,1,0,0,2,0,1,1,2,0,1,1,1
rs3008,3,7531,A,C,2,2,1,0,1,1,2,2,1,1,2,2,2,1,1,0,1,1,1,1,0,1,0,1,0,2,0,0,1,2,1,0,1,1,1,2,1,1,0,1,1,2,2,0,0,1,0,2,1,2,0,2,1,1,1,1,1,1,2,2,0,2,1,1,1,1,0,2,2,2,0,2,1,0,2,1,1,0,1,0,1,2,2,1,0,1,0,0,1,1,1,1,2,0,1,1,2,2,0,1,1,2,2,1,0,2,2,0,1,0,0,2,0,1,1,2,0,1,2,1
rs3009,3,8354,G,T,2,2,2,1,2,2,2,2,1,2,2,2,2,1,1,0,1,1,2,2,1,1,0,1,1,2,1,2,1,2,2,0,2,1,1,2,1,2,1,1,1,2,2,0,1,2,0,2,2,2,0,2,2,2,1,2,1,2,2,2,0,2,1,2,2,1,0,2,2,2,0,2,2,0,2,2,2,0,1,0,2,2,2,2,2,2,0,1,2,2,1,1,2,1,1,1,2,1,0,2,2,2,2,2,2,2,1,1,2,1,1,2,1,2,1,2,1,1,2,1
rs3010,3,9229,A,T,2,2,1,0,1,1,2,2,1,1,2,2,2,1,1,0,1,1,1,1,0,1,0,1,0,2,0,0,1,2,1,0,1,1,1,2,1,1,0,1,1,2,2,0,0,1,0,2,1,2,0,2,1,1,1,1,1,1,2,2,0,2,1,1,1,1,0,2,2,2,0,2,1,0,2,1,1,0,1,0,1,2,2,1,0,1,0,0,1,1,1,1,2,0,1,1,2,2,0,1,1,2,2,1,0,2,1,0,1,0,0,2,0,1,1,2,0,1,2,1
rs3011,3,10197,G,C,0,1,0,1,0,0,1,0,1,0,0,0,0,1,2,2,1,2,0,0,1,1,2,1,1,1,1,0,1,0,0,2,1,1,1,0,1,0,1,2,1,1,1,2,1,0,2,1,1,1,2,0,0,1,2,0,1,0,0,1,2,2,2,1,0,1,2,2,1,1,2,2,1,2,1,0,0,2,1,2,0,1,1,0,0,0,2,1,0,1,2,1,1,1,1,2,2,1,2,0,0,1,1,1,0,0,2,1,0,1,1,1,1,0,2,1,1,1,0,1
rs3012,3,11062,C,G,2,2,1,0,1,1,2,2,1,1,2,2,2,1,1,0,1,1,1,1,0,1,0,1,0,2,0,0,1,2,1,0,1,1,1,2,1,1,0,1,1,2,2,0,0,1,0,2,1,2,0,2,1,1,1,1,1,1,2,2,0,2,1,1,1,1,0,2,2,2,0,2,1,0,2,1,1,0,1,0,1,2,2,1,0,1,0,0,1,1,1,1,2,0,1,1,2,2,0,1,1,2,2,1,0,2,1,0,1,0,0,2,0,1,1,2,0,1,2,1
rs3013,3,12142,T,A,2,2,1,0,1,1,2,2,1,1,2,2,2,1,1,0,1,1,1,1,1,1,0,1,0,2,0,0,1,2,1,0,1,1,1,2,1,1,0,1,1,2,2,0,0,1,0,2,1,2,0,2,1,1,1,1,1,1,2,2,0,2,1,1,1,1,0,2,2,2,0,2,1,0,2,1,1,0,1,0,1,2,2,1,0,1,0,0,1,1,1,1,2,0,1,1,2,2,0,1,1,2,2,1,0,2,1,0,1,0,0,2,0,1,1,2,0,1,2,1
rs3014,3,13056,A,G,2,2,1,0,1,1,2,2,1,1,2,2,2,1,1,0,1,1,1,1,0,1,0,1,0,2,0,0,1,2,1,0,1,1,1,2,1,1,0,1,1,2,2,0,0,1,0,2,1,2,0,2,1,1,1,1,1,2,2,2,0,2,1,1,1,1,0,2,2,2,0,2,1,0,2,1,1,0,1,0,1,2,2,1,0,1,0,0,1,1,1,1,2,0,1,1,2,2,0,1,1,2,2,1,0,2,1,0,1,0,0,2,0,1,1,2,0,1,2,1
rs3015,3,13897,G,A,0,1,1,2,1,1,1,0,1,1,0,0,0,1,2,2,1,2,1,1,2,1,2,1,2,1,2,2,1,0,1,2,2,1,1,0,1,1,2,2,1,1,1,2,2,1,2,1,2,1,2,0,1,2,2,1,1,1,0,1,2,2,2,2,1,1,2,2,1,1,2,2,2,2,2,1,1,2,1,2,1,1,1,1,2,1,2,2,1,2,2,1,1,2,1,2,2,1,2,1,1,1,1,2,2,0,2,2,1,2,2,1,2,1,2,1,2,1,0,1
rs3016,3,14745,C,T,0,1,1,1,1,1,1,0,0,1,0,0,0,0,1,0,0,1,1,1,1,0,0,0,1,1,1,2,0,0,1,0,2,0,0,0,0,1,1,1,0,1,1,0,1,1,0,1,2,1,0,0,1,2,1,1,0,1,0,1,0,2,1,2,1,0,0,2,1,1,0,2,2,0,1,1,1,0,0,0,1,1,1,1,2,1,0,1,1,2,1,0,1,1,0,1,2,1,0,1,1,1,1,2,1,0,1,1,1,1,1,1,1,1,1,1,1,0,0,0
rs3017,3,15655,T,C,0,1,0,0,0,0,1,0,0,0,0,0,0,0,1,0,0,1,0,0,0,0,0,0,0,1,0,0,0,0,0,0,1,0,0,0,0,0,0,1,0,1,1,0,0,0,0,1,1,1,0,1,0,1,1,0,0,0,0,1,0,2,1,1,0,0,0,2,1,1,0,2,1,0,1,0,0,0,0,0,0,1,1,0,0,0,0,0,0,1,1,0,1,0,0,1,2,1,0,0,0,1,1,1,0,0,1,0,0,0,0,1,0,0,1,1,0,0,0,0
rs3018,3,16787,A,C,2,1,1,0,1,1,1,2,1,1,2,2,2,1,0,0,1,0,1,1,0,1,0,1,0,1,0,0,1,2,1,0,0,1,1,2,1,1,0,0,1,1,1,0,0,1,0,1,0,1,0,2,1,0,0,1,1,1,2,1,0,0,0,0,1,1,0,0,1,1,0,0,0,0,1,1,1,0,1,0,1,1,1,1,0,1,0,0,1,0,0,1,1,0,1,0,0,0,0,1,1,1,1,0,0,2,0,0,1,0,0,1,0,1,0,1,0,1,2,1
rs3019,3,17902,G,T,0,1,0,0,0,0,1,0,0,0,0,0,0,0,1,0,0,1,0,0,0,0,0,0,0,1,0,0,0,0,0,0,1,0,0,0,0,0,0,1,0,1,1,0,0,0,0,1,1,1,0,0,0,1,1,0,0,0,0,1,0,2,1,1,0,0,0,2,1,1,0,2,1,0,1,0,0,0,0,0,0,1,1,0,0,0,0,0,0,1,1,0,1,0,0,1,2,1,0,0,0,1,1,1,0,0,1,0,0,0,0,1,0,0,1,1,0,0,0,0
rs3020,3,19068,A,T,2,2,1,0,1,1,2,2,1,1,2,2,2,1,1,0,1,1,1,1,0,1,0,1,0,2,0,0,1,2,1,0,1,1,1,2,1,1,0,1,1,2,2,0,0,1,0,2,1,2,0,2,1,1,1,1,1,1,2,2,0,2,1,1,1,1,0,2,2,2,0,2,1,0,2,1,1,0,1,0,1,2,2,1,0,1,0,0,1,1,1,1,2,0,1,1,2,2,0,1,1,2,1,1,0,2,1,0,1,0,0,2,0,1,1,2,0,1,2,1
rs3021,3,70117,G,C,0,0,1,0,0,0,0,0,0,0,0,0,0,0,0,0,0,0,0,0,0,1,0,0,1,0,0,0,0,0,0,0,0,0,0,0,1,0,1,0,0,1,0,1,0,0,0,0,0,1,2,0,0,1,0,0,0,0,0,0,0,0,0,0,0,0,0,0,0,0,0,1,0,0,0,1,1,0,0,0,0,0,0,0,0,0,0,0,1,1,0,0,0,1,1,0,0,1,0,1,0,1,0,0,0,0,0,0,0,0,0,0,0,0,1,1,1,1,0,0
rs3022,3,71148,C,G,0,0,0,0,0,1,0,1,0,0,0,0,0,1,1,0,0,1,0,0,1,0,0,1,1,0,1,0,0,1,1,1,1,0,0,1,0,0,0,0,0,0,0,0,0,2,1,0,1,0,0,0,0,0,1,1,0,0,1,1,0,0,0,1,0,0,0,1,0,0,1,1,0,0,0,1,0,0,1,0,0,0,1,0,0,0,1,1,0,1,0,1,0,0,0,1,1,1,0,0,0,0,1,0,1,0,0,0,0,0,1,0,0,0,0,1,1,1,0,2
rs3023,3,71983,T,A,0,0,0,0,0,0,0,2,0,0,1,0,0,0,0,1,2,0,1,0,1,0,0,0,0,0,0,0,1,1,0,0,0,0,0,0,0,0,0,0,1,0,1,0,0,0,0,0,1,0,0,1,0,0,1,0,0,0,0,2,1,0,1,1,0,1,0,2,1,0,0,1,1,1,1,1,1,0,0,1,0,0,0,0,0,1,1,1,1,0,1,0,1,0,0,0,1,1,1,1,1,0,0,0,0,1,1,1,0,2,1,0,0,0,0,0,0,0,1,0
rs3024,3,72892,A,G,0,2,1,0,1,0,0,0,1,1,0,0,0,1,0,1,1,1,0,2,1,1,0,0,1,1,1,0,0,0,1,0,0,0,2,1,0,0,0,1,1,0,0,2,0,2,0,1,0,0,0,0,0,0,0,1,0,0,1,1,1,1,0,1,1,0,1,1,1,1,0,0,1,1,1,0,0,1,0,0,0,1,0,0,0,0,1,2,0,0,0,1,0,0,0,1,1,1,0,1,1,1,1,1,1,0,1,1,0,0,1,1,0,1,0,1,0,0,0,0
rs3025,3,73704,G,A,0,1,2,2,0,1,1,1,1,1,0,2,2,1,1,1,1,0,0,0,1,0,0,1,0,0,1,2,0,1,1,0,0,0,0,1,1,2,1,1,1,1,1,1,0,0,0,2,0,1,1,1,1,1,2,0,2,0,0,1,0,0,0,2,2,2,1,0,1,1,0,1,1,0,1,1,1,1,1,0,1,1,1,1,0,1,0,0,0,0,0,0,0,0,0,2,2,0,0,2,1,1,1,1,1,0,0,2,1,1,1,1,1,1,0,0,1,1,0,2
rs3026,3,74532,C,T,2,0,2,1,2,2,1,2,2,0,2,2,2,0,1,0,2,2,1,1,1,2,2,2,0,1,2,2,1,2,0,2,1,1,2,2,1,1,1,0,2,1,1,2,2,1,1,2,0,2,1,2,2,0,1,0,0,2,2,1,2,2,1,0,1,1,1,2,2,2,1,2,1,0,1,2,2,2,0,2,2,1,2,2,1,2,2,0,1,0,2,2,0,0,0,2,2,1,1,2,1,2,0,1,2,1,1,2,1,1,2,2,1,1,1,1,2,1,0,2
rs3027,3,75354,T,C,0,1,1,1,1,2,2,2,1,2,1,1,0,2,1,1,0,0,1,0,1,1,0,1,1,0,2,2,2,0,2,1,1,2,1,1,2,2,2,2,2,1,1,0,2,1,2,0,1,2,1,2,1,0,1,0,1,0,1,0,0,2,0,1,2,0,1,1,0,1,1,1,2,1,1,1,1,1,2,1,0,1,1,1,1,0,1,0,1,1,2,0,1,1,0,0,0,0,1,2,1,1,2,1,1,0,2,1,0,1,2,0,2,1,0,0,1,0,0,2
rs3028,3,76454,A,C,2,0,2,1,2,2,1,2,2,0,2,2,2,0,1,0,2,2,1,1,1,2,2,2,0,1,2,2,1,2,0,2,1,1,2,2,1,1,1,0,2,1,1,2,2,1,1,2,0,2,1,2,2,0,1,0,0,2,2,1,2,1,1,0,1,1,1,2,2,2,1,2,1,0,1,2,2,2,0,2,2,1,2,2,1,2,2,0,1,0,2,2,0,0,0,2,2,1,1,2,1,2,0,1,2,1,1,2,1,1,2,2,1,1,1,1,2,1,0,2
rs3029,3,77502,G,T,2,1,1,2,1,0,1,0,1,2,1,1,2,2,0,1,2,2,0,1,0,1,2,1,1,1,0,0,1,2,2,1,2,1,1,2,1,2,1,2,0,2,0,2,0,2,1,2,1,0,0,0,1,0,2,0,1,2,1,1,2,0,1,1,1,1,2,1,2,1,2,1,1,1,2,1,1,1,2,1,2,2,1,1,0,2,1,0,0,1,0,2,1,1,0,2,2,1,0,0,0,1,2,0,1,1,1,1,1,0,0,2,1,2,1,1,1,1,0,0
rs3030,3,78588,A,T,0,0,1,0,1,2,1,2,1,0,1,1,0,0,1,0,0,0,1,0,1,1,0,1,0,0,2,2,1,0,0,1,0,1,1,1,1,0,1,0,2,0,1,0,2,0,1,0,0,2,1,2,1,0,0,0,0,0,1,0,0,2,0,0,1,0,0,1,0,1,0,1,1,0,0,1,1,1,0,1,0,0,1,1,1,0,1,0,1,0,2,0,0,0,0,0,0,0,1,2,1,1,0,1,1,0,1,1,0,1,2,0,1,0,0,0,1,0,0,2
rs3031,3,79684,G,C,2,0,2,1,2,2,1,1,2,0,2,2,2,0,1,0,2,2,1,1,1,2,2,2,0,1,2,2,1,2,0,2,1,1,2,2,1,1,1,0,2,1,1,2,2,1,1,2,0,2,1,2,2,0,1,0,0,2,2,1,2,2,1,0,1,1,1,2,2,2,1,2,1,0,1,2,2,2,0,2,2,1,2,2,1,2,2,0,1,0,2,2,0,0,0,2,2,1,1,2,1,2,0,1,2,1,1,2,1,1,2,2,1,1,1,1,2,1,0,2
rs3032,3,80540,C,G,0,2,1,1,1,2,2,2,1,1,1,1,0,2,2,2,0,0,2,1,2,1,0,1,2,1,2,2,2,0,2,1,1,2,1,1,2,1,2,2,2,1,2,0,2,1,2,0,2,2,2,2,1,2,1,2,2,0,1,1,0,2,1,2,2,1,1,1,0,1,1,1,2,2,1,1,1,1,2,1,0,1,1,1,2,0,1,2,2,2,2,0,2,2,2,0,0,1,2,2,2,1,2,2,1,1,2,1,1,2,2,0,2,1,1,1,1,1,2,2
rs3033,3,81658,T,A,2,0,2,1,2,2,1,2,2,0,2,2,2,0,1,0,2,2,1,1,1,2,2,2,0,1,2,2,1,2,0,2,1,1,2,2,1,1,1,0,2,1,1,2,2,1,1,2,0,2,1,2,2,0,1,0,0,2,2,1,2,2,1,0,1,1,1,2,2,2,1,2,1,0,1,2,2,2,0,2,2,1,2,2,1,2,2,0,1,0,2,2,0,0,0,2,2,1,1,2,1,2,0,1,2,1,1,2,1,1,2,2,0,1,1,1,2,1,0,2
rs3034,3,82459,A,G,2,1,2,2,2,2,2,2,2,2,2,2,2,2,1,1,2,2,1,1,1,2,2,2,1,1,2,2,2,2,2,2,2,2,2,2,2,2,2,2,2,2,1,2,2,2,2,2,1,1,1,2,2,0,2,0,1,2,2,1,2,2,1,1,2,1,2,2,2,2,2,2,2,1,2,2,2,2,2,2,2,2,2,2,1,2,2,0,1,1,2,2,1,1,0,2,2,1,1,2,1,2,2,1,2,1,2,2,1,1,2,2,2,2,1,1,2,1,0,2
rs3035,3,83490,G,A,2,0,2,1,2,2,1,2,2,0,2,2,2,0,1,0,2,2,1,1,1,2,2,2,0,1,2,2,1,2,0,2,1,1,2,2,1,1,1,0,2,1,1,2,2,1,1,2,0,2,1,2,2,0,1,0,0,2,2,1,2,2,1,0,1,1,1,2,2,2,1,2,1,0,1,2,2,2,0,2,2,1,2,2,1,2,2,0,1,0,2,2,0,0,0,2,2,1,1,2,1,2,0,1,2,1,2,2,1,1,2,2,1,1,1,1,2,1,0,2
rs3036,3,84574,C,T,2,1,2,2,2,2,2,2,2,2,2,2,2,2,1,1,2,2,1,1,1,2,2,2,1,1,2,2,2,2,2,2,2,2,2,2,2,2,2,2,2,2,1,2,2,2,2,2,1,2,1,2,2,0,2,0,1,2,2,1,2,2,1,1,2,1,2,2,2,2,2,2,2,1,2,2,2,2,2,2,2,2,2,2,1,2,2,0,1,1,2,2,1,1,0,2,2,1,1,2,1,2,2,1,2,2,2,2,1,1,2,2,2,2,1,1,2,1,0,2
rs3037,3,85689,T,C,2,2,1,2,1,0,1,0,1,2,1,1,2,2,1,2,2,2,1,2,1,1,2,1,2,2,0,0,1,2,2,1,2,1,1,1,1,2,1,2,0,2,1,2,0,2,1,2,2,0,1,0,1,2,2,2,2,2,1,2,2,0,2,2,1,2,2,1,2,1,2,1,1,2,2,1,1,1,2,1,2,2,1,1,1,2,1,2,1,2,0,2,2,2,2,2,2,2,1,0,1,1,2,1,1,2,1,1,2,1,0,2,1,2,1,2,1,2,2,0
rs3038,3,86821,A,C,2,1,1,2,1,0,1,0,1,2,1,1,2,2,0,1,2,2,0,1,0,1,2,1,1,1,0,0,1,2,2,1,2,1,1,1,1,2,1,2,0,2,0,2,0,2,1,2,1,0,0,0,1,0,2,0,1,2,1,1,2,0,1,1,1,1,2,1,2,1,2,1,1,1,2,1,1,1,2,1,2,2,1,1,0,2,1,0,0,1,0,2,1,1,0,2,2,1,0,0,0,1,2,0,1,1,1,1,1,0,0,2,1,2,1,1,1,1,0,0
rs3039,3,87716,G,T,2,1,2,2,2,2,2,2,2,2,2,2,2,2,1,1,2,2,1,1,1,2,2,2,1,1,2,2,2,2,2,2,2,2,2,2,2,2,2,2,2,2,1,2,2,2,2,2,1,2,1,2,2,0,2,0,1,2,2,1,2,2,1,1,2,1,2,2,2,2,2,2,2,1,2,2,2,2,2,2,2,2,2,2,1,2,2,0,1,1,2,2,1,1,0,2,2,1,1,2,1,2,2,1,2,1,2,2,1,1,2,2,2,2,1,1,2,1,0,2
rs3040,3,88819,A,T,2,1,2,2,2,2,2,2,2,2,2,2,2,2,1,1,2,2,1,1,1,2,2,2,1,1,2,2,2,2,2,2,2,2,2,2,2,2,2,2,2,2,1,2,2,2,2,2,1,2,1,2,2,0,2,0,1,2,2,1,2,2,1,1,2,1,2,2,2,2,2,2,2,1,2,2,2,2,2,2,2,2,2,2,1,2,2,0,1,1,2,2,1,1,0,2,2,1,1,2,1,2,1,1,2,1,2,2,1,1,2,2,2,2,1,1,2,1,0,2
rs3041,3,89681,G,C,2,1,1,2,1,0,1,0,1,2,1,1,2,2,0,1,2,2,0,1,0,1,2,1,1,1,0,0,1,2,2,1,2,1,1,1,1,2,1,2,0,2,0,2,0,2,1,2,1,0,0,0,1,0,2,0,1,2,1,1,2,0,1,1,1,1,2,1,2,1,2,1,1,1,2,1,1,1,2,1,2,2,1,1,0,2,1,0,0,1,0,2,1,1,0,2,2,1,0,0,0,1,2,0,1,1,1,1,1,0,0,2,1,2,1,1,1,1,0,0
rs3042,3,90776,C,G,2,1,2,2,2,2,2,2,2,2,2,2,2,2,1,1,2,2,1,1,1,1,2,2,1,1,2,2,2,2,2,2,2,2,2,2,2,2,2,2,2,2,1,2,2,2,2,2,1,2,1,2,2,0,2,0,1,2,2,1,2,2,1,1,2,1,2,2,2,2,2,2,2,1,2,2,2,2,2,2,2,2,2,2,1,2,2,0,1,1,2,2,1,1,0,2,2,1,1,2,1,2,2,1,2,1,2,2,1,1,2,2,2,2,1,1,2,1,0,2
rs3043,3,91815,T,A,2,0,2,1,2,2,1,2,2,0,2,2,2,0,1,0,2,2,1,1,1,2,2,2,0,1,2,2,1,2,0,2,1,1,2,2,1,1,1,0,2,1,1,2,2,1,1,2,0,2,1,2,2,0,1,0,0,2,2,1,2,2,1,0,1,1,1,2,2,2,1,2,1,0,1,2,2,2,0,2,2,1,2,2,1,2,2,0,1,0,2,2,0,0,0,2,2,1,1,2,1,2,0,1,2,1,1,2,1,1,2,2,1,1,1,1,2,1,0,2
rs3044,3,92887,A,G,2,1,1,2,1,0,2,0,1,2,1,1,2,2,0,1,2,2,0,1,0,1,2,1,1,1,0,0,1,2,2,1,2,1,1,1,1,2,1,2,0,2,0,2,0,2,1,2,1,0,0,0,1,0,2,0,1,2,1,1,2,0,1,1,1,1,2,1,2,1,2,1,1,1,2,1,1,1,2,1,2,2,1,1,0,2,1,0,0,1,0,2,1,1,0,2,2,1,0,0,0,1,2,0,1,1,1,1,1,0,0,2,1,2,1,1,1,1,0,0
rs3045,3,93854,G,A,0,1,0,1,0,0,1,0,0,2,0,0,0,2,0,1,0,0,0,0,0,0,0,0,1,0,0,0,1,0,2,0,1,1,0,0,1,1,1,2,0,1,0,0,0,1,1,0,1,0,0,0,0,0,1,0,1,0,0,0,0,0,0,1,1,0,1,0,0,0,1,0,1,1,1,0,0,0,2,0,0,1,0,0,0,0,0,0,0,1,0,0,1,1,0,0,0,0,0,0,0,0,2,0,0,0,1,0,0,0,0,0,1,1,0,0,0,0,0,0
rs3046,3,144673,C,T,0,2,0,1,2,0,2,0,0,1,1,0,0,0,1,1,0,0,0,0,1,0,1,1,1,0,1,1,2,1,1,2,0,0,1,1,1,0,1,1,0,0,1,1,0,0,0,0,0,2,0,1,0,1,0,0,0,0,0,0,1,1,1,1,1,0,1,1,0,0,1,0,0,0,1,1,1,0,0,1,1,1,0,1,1,1,0,2,0,1,0,0,0,1,0,1,0,1,1,0,1,1,0,0,1,0,1,1,0,1,0,1,0,1,0,0,1,0,0,0
rs3047,3,145476,T,C,1,0,0,0,0,0,1,0,0,1,0,0,0,2,0,0,0,0,0,1,0,0,1,0,0,0,0,1,2,0,0,2,0,0,0,0,1,0,1,0,0,1,0,0,0,1,0,0,1,0,1,0,0,0,1,1,0,0,0,0,1,0,1,0,1,0,1,1,0,0,0,1,1,0,0,0,0,0,0,0,1,0,0,0,1,0,0,0,2,0,0,1,0,0,0,0,1,1,1,1,0,0,0,1,0,1,1,0,0,1,1,0,0,1,0,0,0,2,0,0
rs3048,3,146652,A,C,0,1,0,1,0,0,1,0,0,1,0,0,0,0,1,1,0,0,0,0,0,0,0,1,2,0,0,0,0,0,1,0,0,0,0,0,0,0,0,0,1,1,1,0,1,1,0,0,0,0,0,0,0,1,1,1,0,1,0,0,0,1,0,0,0,0,0,0,0,0,0,0,0,0,0,0,1,0,0,1,0,0,0,0,0,1,1,0,0,1,0,0,0,0,0,0,0,1,1,0,0,1,1,0,0,0,2,1,1,0,0,0,1,0,1,1,0,0,1,0
rs3049,3,147475,G,T,0,0,1,1,0,0,1,0,0,0,0,0,1,0,1,0,2,1,0,1,0,1,1,0,1,0,1,1,1,1,1,0,2,0,0,1,0,1,0,0,1,1,0,0,1,1,0,0,0,0,1,1,0,2,0,1,1,0,2,1,1,0,1,0,1,0,0,0,0,1,1,0,0,0,1,1,1,0,0,0,1,2,1,0,0,0,0,1,1,0,2,1,1,2,0,0,1,0,0,1,1,1,0,1,0,0,0,0,0,0,0,0,1,0,0,1,0,1,1,0
rs3050,3,148576,A,T,0,1,2,0,0,1,1,0,2,1,0,0,0,0,1,2,0,0,1,1,0,0,0,1,2,0,0,2,0,2,1,1,0,1,1,0,1,0,1,0,1,0,1,0,1,1,1,0,1,2,0,2,1,0,0,0,0,1,1,1,0,1,1,1,0,1,0,0,2,1,1,1,0,2,2,1,2,0,2,1,2,0,0,1,0,1,0,1,0,1,0,0,0,0,1,1,0,0,0,1,1,1,1,0,2,1,0,0,1,2,0,0,0,1,0,0,0,1,2,0
rs3051,3,149647,G,C,1,2,2,1,2,2,1,0,0,2,2,2,1,2,2,1,1,1,2,0,2,1,2,1,2,1,1,2,1,1,2,2,1,1,2,2,1,1,2,2,1,2,1,2,0,2,2,1,2,1,2,0,1,1,1,2,2,2,2,2,2,1,1,1,2,1,1,0,2,2,1,2,1,2,1,2,1,1,2,1,1,2,2,1,2,0,1,1,2,2,2,2,2,1,2,1,2,2,1,2,0,1,2,1,0,1,2,2,2,2,1,2,2,0,2,1,2,2,2,1
rs3052,3,150728,C,G,1,2,2,1,2,2,1,0,0,2,1,2,1,1,2,1,1,1,1,0,1,1,1,0,0,1,1,1,1,0,2,1,0,1,1,1,1,1,2,2,1,2,1,2,0,2,1,0,2,1,2,0,1,0,1,2,1,2,2,2,0,1,1,1,1,1,1,0,2,1,1,2,1,2,1,2,1,1,1,1,1,2,2,0,2,0,1,1,1,2,1,1,1,1,1,1,1,2,0,2,0,0,2,1,0,1,1,1,2,2,1,1,2,0,1,0,1,2,1,0
rs3053,3,151711,T,A,1,1,2,0,1,2,1,0,0,2,1,2,0,1,1,1,0,1,0,0,0,1,0,0,0,0,1,0,0,0,0,1,0,0,1,0,1,0,1,1,1,0,0,1,0,2,0,0,1,1,1,0,1,0,1,1,0,0,2,1,0,0,0,1,0,0,1,0,1,0,0,2,0,0,1,2,0,1,0,1,1,0,1,0,1,0,1,1,1,1,0,1,1,1,0,0,0,1,0,1,0,0,1,0,0,1,1,1,2,2,1,0,1,0,1,0,0,1,1,0
rs3054,3,152660,A,G,1,1,0,2,1,1,1,2,2,0,0,0,2,0,1,1,2,1,1,2,1,1,1,1,0,2,1,1,2,1,2,0,1,2,0,1,1,2,1,1,1,2,2,1,2,0,1,1,1,1,1,2,1,1,1,1,1,2,0,1,0,2,2,1,1,2,1,2,1,1,2,0,2,2,1,0,2,1,1,2,1,2,1,1,1,2,1,1,0,1,1,0,0,1,1,2,1,1,1,1,2,1,1,2,2,1,0,1,0,0,1,1,1,2,0,1,1,1,0,1
rs3055,3,153631,G,A,2,2,2,2,2,2,2,2,2,2,1,2,2,1,2,2,2,2,1,2,1,2,1,1,0,2,2,1,2,1,2,1,1,2,1,1,2,2,2,2,2,2,2,2,2,2,1,1,2,2,2,2,2,1,2,2,1,2,2,2,0,2,2,2,1,2,2,2,2,1,2,2,2,2,2,1,2,2,1,2,2,2,2,1,2,2,2,2,1,2,1,1,1,2,1,2,1,2,1,2,2,1,2,2,2,2,1,2,2,2,2,1,2,2,1,1,1,2,1,1
rs3056,3,154499,C,T,1,0,0,1,0,0,1,2,2,0,0,0,1,0,0,1,1,1,0,2,0,1,0,1,0,1,1,0,1,2,0,0,1,1,0,0,1,1,0,0,1,0,1,0,2,0,0,1,0,1,0,2,1,1,1,0,0,0,0,0,0,1,1,1,0,1,1,2,0,0,1,0,1,0,1,0,1,1,0,1,1,0,0,1,0,2,1,1,0,0,0,0,0,1,0,1,0,0,1,0,2,1,0,1,2,1,0,0,0,0,1,0,0,2,0,1,0,0,0,1
rs3057,3,155475,T,C,1,1,0,2,1,1,1,2,2,0,0,0,2,0,1,1,2,1,1,2,1,1,1,1,0,2,1,1,2,1,2,0,1,2,0,1,1,2,1,1,1,2,2,1,2,0,1,1,1,1,1,2,1,1,1,1,1,2,0,1,0,2,2,1,1,2,1,2,1,1,2,0,2,2,1,0,2,1,1,1,1,2,1,1,1,2,1,1,0,1,1,0,0,1,1,2,1,1,1,1,2,1,1,2,2,1,0,1,0,0,1,1,1,2,0,1,1,1,0,1
rs3058,3,156623,A,C,1,0,0,1,0,0,1,2,2,0,1,0,1,1,0,1,1,1,1,2,1,1,1,2,2,1,1,1,1,2,0,1,2,1,1,1,1,1,0,0,1,0,1,0,2,0,1,2,0,1,0,2,1,2,1,0,1,0,0,0,2,2,1,1,1,1,1,2,0,1,1,0,1,0,1,0,1,1,1,1,1,0,0,2,0,2,1,1,1,0,1,1,1,1,1,1,1,0,2,0,2,2,0,1,2,1,1,0,0,0,1,1,0,2,1,2,1,0,1,2
rs3059,3,157448,G,T,2,1,2,1,1,1,2,2,2,2,1,2,1,1,1,2,1,2,0,2,0,2,0,1,0,1,2,0,1,1,0,1,1,1,1,0,2,1,1,1,2,0,1,1,2,2,0,1,1,2,1,2,2,1,2,1,0,0,2,1,0,1,1,2,0,1,2,2,1,0,1,2,1,0,2,2,1,2,0,2,2,0,1,1,1,2,2,2,1,1,0,1,1,2,0,1,0,1,1,1,2,1,1,1,2,2,1,1,2,2,2,0,1,2,1,1,0,1,1,1
rs3060,3,158290,A,T,1,1,2,0,1,1,1,0,0,2,2,2,0,2,1,1,0,1,1,0,1,1,1,1,2,0,1,1,0,1,0,2,1,0,2,1,1,0,1,1,1,0,0,1,0,2,1,0,1,1,1,0,1,1,1,1,1,0,2,1,2,0,0,1,1,0,1,0,1,1,0,2,0,0,1,2,0,1,1,1,1,0,1,1,1,0,1,1,2,1,1,2,2,1,1,0,1,1,1,1,0,1,1,0,0,1,2,1,2,2,1,1,1,0,2,1,1,1,2,1
rs3061,3,159378,G,C,1,0,0,1,0,0,1,2,2,0,0,0,1,0,0,1,1,1,0,2,0,1,0,1,0,1,1,0,1,1,0,0,1,1,0,0,1,1,0,0,1,0,1,0,2,0,0,1,0,1,1,2,1,1,1,0,0,0,0,0,0,1,1,1,0,1,1,2,0,0,1,0,1,0,1,0,1,1,0,1,1,0,0,1,0,2,1,1,0,0,0,0,0,1,0,1,0,0,1,0,2,1,0,1,2,1,0,0,0,0,1,0,0,2,0,1,0,0,0,1
rs3062,3,160452,C,G,1,0,0,1,0,0,1,2,2,0,0,0,1,0,0,1,1,1,0,2,0,1,0,1,0,1,1,0,1,1,0,0,1,1,0,0,1,1,0,0,1,0,1,0,2,0,0,1,0,1,0,2,1,1,1,0,0,0,0,0,0,1,1,1,0,1,1,2,0,0,1,0,1,0,1,0,1,1,0,1,1,0,0,1,0,2,0,1,0,0,0,0,0,1,0,1,0,0,1,0,2,1,0,1,2,1,0,0,0,0,1,0,0,2,0,1,0,0,0,1
rs3063,3,161383,T,A,1,1,2,0,1,1,1,0,0,2,1,2,0,1,1,1,0,1,0,0,0,1,0,0,0,0,1,0,0,0,0,1,0,1,1,0,1,0,1,1,1,0,0,1,0,2,0,0,1,1,1,0,1,0,1,1,0,0,2,1,0,0,0,1,0,0,1,0,1,0,0,2,0,0,1,2,0,1,0,1,1,0,1,0,1,0,1,1,1,1,0,1,1,1,0,0,0,1,0,1,0,0,1,0,0,1,1,1,2,2,1,0,1,0,1,0,0,1,1,0
rs3064,3,162207,A,G,1,1,2,0,1,1,2,0,0,2,1,2,0,1,1,1,0,1,0,0,0,1,0,0,0,0,1,0,0,0,0,1,0,0,1,0,1,0,1,1,1,0,0,1,0,2,0,0,1,1,1,0,1,0,1,1,0,0,2,1,0,0,0,1,0,0,1,0,1,0,0,2,0,0,1,2,0,1,0,1,1,0,1,0,1,0,1,1,1,1,0,1,1,1,0,0,0,1,0,1,0,0,1,0,0,1,1,1,2,2,1,0,1,0,1,0,0,1,1,0
rs3065,3,163099,G,A,1,1,2,0,1,1,1,0,0,2,1,2,0,1,1,1,0,1,0,0,0,2,0,0,0,0,1,0,0,0,0,1,0,0,1,0,1,0,1,1,1,0,0,1,0,2,0,0,1,1,1,0,1,0,1,1,0,0,2,1,0,0,0,1,0,0,1,0,1,0,0,2,0,0,1,2,0,1,0,1,1,0,1,0,1,0,1,1,1,1,0,1,1,1,0,0,0,1,0,1,0,0,1,0,0,1,1,1,2,2,1,0,1,0,1,0,0,1,1,0
rs3066,3,164295,C,T,1,0,0,1,0,0,1,2,2,0,1,0,1,1,0,1,1,1,1,2,1,1,1,2,2,1,1,1,1,2,0,2,2,1,1,1,1,1,0,0,1,0,1,0,2,0,1,2,0,1,0,2,1,2,1,0,1,0,0,0,2,1,1,1,1,1,1,2,0,1,1,0,1,0,1,0,1,1,1,1,1,0,0,2,0,2,1,1,1,0,1,1,1,1,1,1,1,0,2,0,2,2,0,1,2,1,1,0,0,0,1,1,0,2,1,2,1,0,1,2
rs3067,3,165249,T,C,2,2,2,2,2,2,2,2,2,2,1,2,2,1,2,2,2,2,1,2,1,2,2,1,0,2,2,1,2,1,2,1,1,2,1,1,2,2,2,2,2,2,2,2,2,2,1,1,2,2,2,2,2,1,2,2,1,2,2,2,0,2,2,2,1,2,2,2,2,1,2,2,2,2,2,2,2,2,1,2,2,2,2,1,2,2,2,2,1,2,1,1,1,2,1,2,1,2,1,2,2,1,2,2,2,2,1,2,2,2,2,1,2,2,1,1,1,2,1,1
rs3068,3,166261,A,C,0,1,0,1,1,1,0,0,0,0,0,0,1,0,1,0,1,0,1,0,1,0,1,0,0,1,0,1,1,0,2,0,0,1,0,1,0,1,1,1,0,2,1,1,0,0,1,0,1,0,1,0,0,0,0,1,1,2,0,1,0,1,1,0,1,1,0,0,1,1,1,0,1,2,0,0,1,0,1,0,0,2,1,0,1,0,0,0,0,1,1,0,0,0,1,1,1,1,0,1,0,0,1,1,1,0,0,1,0,0,0,1,1,0,0,0,1,1,0,0
rs3069,3,167362,G,T,1,2,2,1,2,2,1,0,0,2,1,2,1,1,2,1,1,1,1,0,1,1,1,0,0,1,1,1,1,0,2,1,0,1,1,1,1,1,2,2,1,2,0,2,0,2,1,0,2,1,2,0,1,0,1,2,1,2,2,2,0,1,1,1,1,1,1,0,2,1,1,2,1,2,1,2,1,1,1,1,1,2,2,0,2,0,1,1,1,2,1,1,1,1,1,1,1,2,0,2,0,0,2,1,0,1,1,2,2,2,1,1,2,0,1,0,1,2,1,0
rs3070,3,168376,A,T,1,1,0,2,1,1,1,2,2,0,1,0,2,1,1,1,2,1,2,2,2,1,2,2,2,2,1,2,2,2,2,1,2,2,1,2,1,2,1,1,1,2,2,1,2,0,2,2,1,1,1,2,1,2,1,1,2,2,0,1,2,2,2,1,2,2,1,2,1,2,2,0,2,2,1,0,2,1,2,1,1,2,1,2,1,2,1,1,1,1,2,1,1,1,2,2,2,1,2,1,2,2,1,2,2,1,1,1,0,0,1,2,1,2,1,2,2,1,1,2
